Id,Category
0,Ben Johnson
1,Anna Sui
2,Ben Johnson
3,Adriana Barraza
4,Albert Brooks
5,Andrew Luck
6,Amber Heard
7,Ben Johnson
8,Ava Gardner
9,Amy Ryan
10,Anna Sui
11,Anthony Perkins
12,Bill Hader
13,Barabara Palvin
14,Benjamin Bratt
15,Ben Johnson
16,Alessandra Ambrosio
17,Ben Johnson
18,Ali Larter
19,Ben Johnson
20,Ashley Graham
21,Amy Ryan
22,Benedict Cumberbatch
23,Adele
24,Ashley Greene
25,Alan Rickman
26,Ben Foster
27,Ashton Kutcher
28,Ben Johnson
29,Anna Sui
30,Angela Bassett
31,Ava Gardner
32,Beyonce Knowles
33,Al Pacino
34,Andrew Garfield
35,Andreea Diaconu
36,Andrew Garfield
37,Ashton Kutcher
38,Anna Paquin
39,Alessandra Ambrosio
40,Bernie Mac
41,bella thorne
42,Anderson Cooper
43,Anne Baxter
44,Ben Johnson
45,Amy Ryan
46,Barbra Streisand
47,Ben Johnson
48,Al Roker
49,Alessandra Ambrosio
50,Aaron Paul
51,Anne Baxter
52,Ben Johnson
53,Ben Foster
54,Ben Johnson
55,Alice Eve
56,Adele
57,Ben Johnson
58,Bill O Reilly
59,Alec Baldwin
60,Ben Johnson
61,Ben Johnson
62,Audrey Tautou
63,Ben Foster
64,Andy Garcia
65,Ben Johnson
66,Andreea Diaconu
67,Ben Johnson
68,Alexandra Daddario
69,Ben Johnson
70,Albert Brooks
71,Ben Johnson
72,Analeigh Tipton
73,Adele
74,Andrew Luck
75,Albert Finney
76,Anne Hathaway
77,Alessandra Ambrosio
78,Ben Johnson
79,Anna Friel
80,Al Pacino
81,Andreea Diaconu
82,Abigail Breslin
83,Anna Kendrick
84,Ben Foster
85,Ben Johnson
86,Adriana Lima
87,Angelina Jolie
88,Arnold Schwarzenegger
89,Anthony Mackie
90,Abigail Breslin
91,Benicio Del Toro
92,Amanda Seyfried
93,Ben Johnson
94,Alicia Vikander
95,Adrien Brody
96,Amanda Crew
97,Ben Johnson
98,Anna Sui
99,Anna Kendrick
100,Adriana Lima
101,Anna Sui
102,Ashley Judd
103,Anna Sui
104,Ben Johnson
105,Ben Johnson
106,Anna Paquin
107,Anna Sui
108,Ashley Judd
109,Ben Johnson
110,Bella Hadid
111,Ben Johnson
112,bella thorne
113,Bill Daley
114,Ben Johnson
115,Andrew Garfield
116,Ben Johnson
117,Ben Johnson
118,Anna Friel
119,Ben Foster
120,Anne Hathaway
121,Audrey Tautou
122,Anthony Mackie
123,Ben Johnson
124,Ben Johnson
125,Beyonce Knowles
126,Andrew Luck
127,Alice Eve
128,Berenice Bejo
129,Bill Paxton
130,Anjelica Huston
131,Anne Hathaway
132,Anna Sui
133,Ben Foster
134,Arnold Schwarzenegger
135,Adriana Barraza
136,Ben Johnson
137,Albert Finney
138,Ben Foster
139,Anna Sui
140,Adele
141,Amber Heard
142,Annette Bening
143,Adele
144,Alec Baldwin
145,Ben Johnson
146,Billy Bob Thornton
147,Angelina Jolie
148,Ben Johnson
149,Aaron Paul
150,Albert Finney
151,Ben Johnson
152,Ben Johnson
153,Aaron Judge
154,Ben Johnson
155,Amy Ryan
156,Ben Johnson
157,Ben Johnson
158,Benicio Del Toro
159,Anna Friel
160,Ben Johnson
161,Albert Finney
162,Anna Faris
163,Ben Johnson
164,Ben Johnson
165,Anna Sui
166,Ben Johnson
167,Ben Johnson
168,Aaron Judge
169,Amy Ryan
170,Anna Sui
171,Ben Johnson
172,Ben Johnson
173,Ben Johnson
174,Beyonce Knowles
175,Ben Johnson
176,AnnaSophia Robb
177,Amanda Seyfried
178,Ben Foster
179,Barbra Streisand
180,Ben Johnson
181,Ben Johnson
182,Andrew Lincoln
183,Amy Ryan
184,Alexandra Daddario
185,Ben Johnson
186,Anthony Hopkins
187,bella thorne
188,Anna Friel
189,Andrew Garfield
190,Berenice Bejo
191,bella thorne
192,Anjelica Huston
193,Ben Johnson
194,Anna Sui
195,Alexis Thorpe
196,Ben Johnson
197,Andy Serkis
198,Ben Johnson
199,Anna Sui
200,Ashley Greene
201,Ben Johnson
202,Ben Johnson
203,Alessandra Ambrosio
204,Al Roker
205,Ben Johnson
206,Anna Sui
207,bella thorne
208,Ben Johnson
209,Ben Johnson
210,Ben Johnson
211,Ben Johnson
212,Amy Adams
213,Amanda Bynes
214,Aaron Paul
215,Ben Johnson
216,Ben Johnson
217,bella thorne
218,Ben Stiller
219,Bill Pullman
220,Anna Faris
221,Abigail Breslin
222,Ben Johnson
223,Adele
224,Angelina Jolie
225,Anna Sui
226,Anna Kendrick
227,Ben Johnson
228,Ben Johnson
229,Anna Paquin
230,Ben Johnson
231,Ben Johnson
232,Abigail Breslin
233,Ben Johnson
234,Ava Gardner
235,Ben Foster
236,Adrianne Palicki
237,Adriana Lima
238,Anna Sui
239,Amy Ryan
240,Ashton Kutcher
241,Anthony Hopkins
242,Anna Sui
243,Ben Johnson
244,Anthony Hopkins
245,Alexandra Daddario
246,Anna Sui
247,Aaron Taylor-Johnson
248,Andrew Luck
249,Benicio Del Toro
250,Amy Ryan
251,Arnold Schwarzenegger
252,Ben Foster
253,Angelina Jolie
254,Anne Baxter
255,Anna Sui
256,Art Carney
257,Ashley Graham
258,Andreea Diaconu
259,Anna Kendrick
260,Alexandra Daddario
261,Ashley Judd
262,Amber Heard
263,Ava Gardner
264,Ben Johnson
265,Bill Daley
266,Anna Sui
267,Bill O Reilly
268,Amy Adams
269,Ben Johnson
270,Anna Paquin
271,bella thorne
272,Beyonce Knowles
273,Ben Johnson
274,Amy Ryan
275,Benicio Del Toro
276,Andrew Garfield
277,Beyonce Knowles
278,Barabara Palvin
279,Anne Bancroft
280,Ben Foster
281,Anna Sui
282,Ben Johnson
283,Andrew Lincoln
284,Anna Sui
285,Anderson Cooper
286,Ben Johnson
287,Anna Sui
288,Ben Johnson
289,Alex Pettyfer
290,Alexander Skarsgard
291,Bill Hader
292,bella thorne
293,Ben Johnson
294,bella thorne
295,Andy Serkis
296,Amy Schumer
297,Ben Johnson
298,Alex Pettyfer
299,Andrew Lincoln
300,Ben Johnson
301,Anna Sui
302,Amanda Seyfried
303,Antonio Banderas
304,Amy Adams
305,Ben Johnson
306,Analeigh Tipton
307,Ben Johnson
308,Anna Paquin
309,Anna Kendrick
310,Aaron Judge
311,Andy Garcia
312,Aaron Paul
313,Ben Johnson
314,Bill Pullman
315,Ben Johnson
316,bella thorne
317,Ben Johnson
318,Ben Johnson
319,Ashton Kutcher
320,Bill Rancic
321,Alicia Vikander
322,Adrien Brody
323,Ben Johnson
324,Ben Foster
325,Alx James
326,Amy Ryan
327,Barry Pepper
328,Ben Johnson
329,Anne Bancroft
330,Andreea Diaconu
331,bella thorne
332,Ben Johnson
333,Ben Johnson
334,Anna Friel
335,Ben Johnson
336,Audrey Tautou
337,Arnold Schwarzenegger
338,Adrianne Palicki
339,Alexander Skarsgard
340,Andrew Lincoln
341,Audrey Tautou
342,Alx James
343,Ben Johnson
344,Andy Serkis
345,Anna Sui
346,Ben Johnson
347,Ben Affleck
348,Anderson Cooper
349,Benjamin Bratt
350,Abigail Breslin
351,Andrew Luck
352,Ashley Judd
353,Bill Rancic
354,Benjamin Bratt
355,Andrew Garfield
356,Barabara Palvin
357,Analeigh Tipton
358,Ben Foster
359,Amanda Peet
360,Abigail Breslin
361,Anna Sui
362,Bette Midler
363,Amy Schumer
364,Angelina Jolie
365,Antonio Banderas
366,Ben Johnson
367,Angela Bassett
368,Anna Paquin
369,Art Carney
370,Berenice Bejo
371,Andrew Garfield
372,Ben Johnson
373,Ben Johnson
374,Ben Johnson
375,Albert Brooks
376,bella thorne
377,Ashley Graham
378,Ben Johnson
379,Andrew Lincoln
380,Audrey Tautou
381,Ashley Graham
382,Angelina Jolie
383,Adriana Lima
384,Andy Garcia
385,Ben Johnson
386,Adrien Brody
387,Albert Brooks
388,Ben Johnson
389,Anna Paquin
390,Bill Daley
391,Audrey Hepburn
392,Ashton Kutcher
393,Bette Midler
394,Ben Affleck
395,Andy Murray
396,Ben Johnson
397,Ben Johnson
398,Adam Sandler
399,AnnaSophia Robb
400,Ben Johnson
401,Bella Hadid
402,Bill Daley
403,Ben Kingsley
404,Ben Johnson
405,Ben Johnson
406,Alexis Thorpe
407,Al Roker
408,Amanda Crew
409,Anne Hathaway
410,Audrey Tautou
411,Alexandra Daddario
412,Adrien Brody
413,Alex Pettyfer
414,Ben Johnson
415,Adele
416,Andrew Luck
417,Ben Stiller
418,Anna Sui
419,Beyonce Knowles
420,Alexandra Daddario
421,Andy Murray
422,Anna Sui
423,Alx James
424,Ashton Kutcher
425,Berenice Bejo
426,Andy Samberg
427,Ben Affleck
428,Andreea Diaconu
429,Anna Paquin
430,Anna Sui
431,Ben Kingsley
432,Ben Johnson
433,Ben Johnson
434,Anderson Cooper
435,Ben Johnson
436,Ben Johnson
437,Ben Johnson
438,Ben Johnson
439,Ben Johnson
440,Amy Adams
441,Alice Eve
442,Alexandra Daddario
443,Alice Eve
444,Ashton Kutcher
445,Benjamin Bratt
446,Art Carney
447,Anjelica Huston
448,Annette Bening
449,Amber Heard
450,Angela Bassett
451,Ben Johnson
452,Anna Sui
453,Alicia Vikander
454,Angela Bassett
455,Alexander Skarsgard
456,Ben Johnson
457,Art Carney
458,Alex Pettyfer
459,Adrien Brody
460,Ben Johnson
461,Anna Paquin
462,Ben Johnson
463,Antonio Banderas
464,Amanda Crew
465,Ben Johnson
466,Ben Johnson
467,Anna Sui
468,Amanda Seyfried
469,Ben Affleck
470,Antonio Banderas
471,Ashley Graham
472,Andy Murray
473,Aaron Taylor-Johnson
474,Amy Adams
475,Amy Ryan
476,Anna Sui
477,Ben Johnson
478,Ben Johnson
479,Bill O Reilly
480,Benedict Cumberbatch
481,Andy Garcia
482,Bill Murray
483,Andy Garcia
484,Abigail Breslin
485,Abigail Breslin
486,Alan Rickman
487,Annette Bening
488,Ava Gardner
489,Alec Baldwin
490,Berenice Bejo
491,Ali Larter
492,Aaron Judge
493,Anna Sui
494,Adam Sandler
495,Anna Sui
496,Ben Johnson
497,Ben Johnson
498,Ben Johnson
499,Abigail Breslin
500,Bill Daley
501,Anderson Cooper
502,Ben Johnson
503,Ben Johnson
504,Amy Ryan
505,Ben Johnson
506,Anna Sui
507,Anna Sui
508,Aaron Judge
509,bella thorne
510,Antonio Banderas
511,Anne Baxter
512,Ben Johnson
513,Ben Johnson
514,Ava Gardner
515,Ben Johnson
516,Anna Sui
517,Amy Ryan
518,Ben Johnson
519,Ben Kingsley
520,Barabara Palvin
521,Anna Sui
522,Ben Johnson
523,Bill Hader
524,Ben Johnson
525,Bill Daley
526,Audrey Hepburn
527,Bill Murray
528,Bill Murray
529,Adam Sandler
530,Andrew Garfield
531,Anjelica Huston
532,Abigail Breslin
533,Anna Sui
534,Al Pacino
535,Alan Alda
536,Ben Foster
537,Ben Johnson
538,Anna Sui
539,Bernie Mac
540,Anna Sui
541,Akemi Darenogare
542,Anderson Cooper
543,Amy Ryan
544,Ben Johnson
545,Bill Daley
546,Ben Johnson
547,Amy Schumer
548,Art Carney
549,Anna Sui
550,Beyonce Knowles
551,Adrianne Palicki
552,Benedict Cumberbatch
553,Ben Johnson
554,Ben Johnson
555,Ben Johnson
556,Anna Sui
557,Alexander Skarsgard
558,Ben Johnson
559,Bill Hader
560,Alx James
561,Benedict Cumberbatch
562,Anthony Hopkins
563,Akemi Darenogare
564,Ben Johnson
565,Benjamin Bratt
566,Albert Finney
567,Andy Garcia
568,Ashton Kutcher
569,Ben Stiller
570,Ashton Kutcher
571,Arnold Schwarzenegger
572,Anna Friel
573,Angelina Jolie
574,Bella Hadid
575,Andy Serkis
576,Ben Johnson
577,Berenice Bejo
578,Bill O Reilly
579,bella thorne
580,Bette Midler
581,Andy Samberg
582,Andie MacDowell
583,Alicia Vikander
584,Ben Johnson
585,Amy Ryan
586,Ben Foster
587,Ben Foster
588,Anjelica Huston
589,Ben Johnson
590,Al Roker
591,Anna Sui
592,Ben Johnson
593,Ben Affleck
594,Ashton Kutcher
595,bella thorne
596,Ben Johnson
597,Amanda Crew
598,Ben Johnson
599,Amanda Seyfried
600,Anna Sui
601,Ben Johnson
602,Ben Johnson
603,Anna Friel
604,Ben Johnson
605,Bette Midler
606,Amber Heard
607,Ben Johnson
608,Amy Ryan
609,Ben Johnson
610,Aaron Paul
611,Amy Ryan
612,Ben Johnson
613,Beyonce Knowles
614,Anthony Perkins
615,Amber Heard
616,Anna Sui
617,Ben Johnson
618,Betty White
619,Art Carney
620,Ben Johnson
621,Amy Adams
622,Ben Johnson
623,Bill Rancic
624,Albert Brooks
625,Anna Faris
626,Albert Finney
627,Alan Alda
628,Beyonce Knowles
629,Ben Johnson
630,Annette Bening
631,Ben Johnson
632,Benedict Cumberbatch
633,Andrew Luck
634,Adriana Lima
635,Adele
636,Alex Pettyfer
637,Ben Johnson
638,Ashley Greene
639,Anderson Cooper
640,Adrien Brody
641,Ben Johnson
642,Antonio Banderas
643,Andy Samberg
644,Amber Heard
645,Amy Ryan
646,Barabara Palvin
647,Ben Johnson
648,Alice Eve
649,Ben Johnson
650,Ashley Judd
651,Ben Johnson
652,Ali Larter
653,Amy Adams
654,Anthony Mackie
655,Alexander Skarsgard
656,Aaron Taylor-Johnson
657,Antonio Banderas
658,Aaron Judge
659,Akemi Darenogare
660,Amanda Seyfried
661,Anne Bancroft
662,Adriana Barraza
663,Akemi Darenogare
664,Ben Johnson
665,Andy Garcia
666,Bill Murray
667,Anne Baxter
668,Anna Sui
669,Ben Johnson
670,Anna Sui
671,Alexander Skarsgard
672,Amanda Crew
673,Alice Eve
674,Ben Johnson
675,Ben Johnson
676,Anthony Hopkins
677,Amanda Bynes
678,Benedict Cumberbatch
679,Amy Ryan
680,Amy Schumer
681,Ben Johnson
682,Ali Larter
683,Barbra Streisand
684,Ben Johnson
685,Ben Johnson
686,Bill Murray
687,Ben Johnson
688,Barbra Streisand
689,Anna Sui
690,Abigail Breslin
691,Bill Paxton
692,Ben Johnson
693,Ben Johnson
694,Anna Sui
695,Anna Faris
696,Amanda Peet
697,Andrew Garfield
698,Anna Sui
699,AnnaSophia Robb
700,Barbra Streisand
701,Ben Johnson
702,Berenice Bejo
703,Audrey Tautou
704,Andy Samberg
705,Anna Sui
706,Albert Finney
707,Ben Johnson
708,Ben Johnson
709,Alx James
710,Ben Johnson
711,Andie MacDowell
712,Ben Johnson
713,Anne Baxter
714,Anne Bancroft
715,Ben Johnson
716,Annette Bening
717,Anne Bancroft
718,Anthony Hopkins
719,Ben Johnson
720,Ben Foster
721,Ben Foster
722,Anthony Mackie
723,Ben Foster
724,Aaron Paul
725,Arnold Schwarzenegger
726,Anna Sui
727,Amanda Crew
728,Adele
729,Benicio Del Toro
730,Ben Affleck
731,Ben Johnson
732,Audrey Hepburn
733,Adriana Lima
734,Anne Hathaway
735,Anna Sui
736,Anna Sui
737,Anna Sui
738,Amy Ryan
739,Alex Pettyfer
740,Ben Johnson
741,Angela Bassett
742,Ben Johnson
743,bella thorne
744,Alicia Vikander
745,Ben Johnson
746,Ben Foster
747,Amanda Crew
748,Ben Johnson
749,Amanda Crew
750,Ben Johnson
751,Anna Kendrick
752,Aaron Taylor-Johnson
753,Annette Bening
754,Antonio Banderas
755,Ben Foster
756,Ben Johnson
757,Billy Bob Thornton
758,Ben Affleck
759,Barry Pepper
760,Alexandra Daddario
761,Ben Johnson
762,Aaron Judge
763,Alexandra Daddario
764,Anna Friel
765,Ashton Kutcher
766,Amanda Crew
767,Ben Johnson
768,Anna Sui
769,Ben Foster
770,AnnaSophia Robb
771,Ashley Greene
772,Ben Johnson
773,Ben Johnson
774,Bella Hadid
775,Annette Bening
776,Alex Pettyfer
777,Alessandra Ambrosio
778,Ben Johnson
779,bella thorne
780,Anna Sui
781,Ben Johnson
782,Ava Gardner
783,Bill Paxton
784,Amanda Peet
785,Ben Johnson
786,AnnaSophia Robb
787,bella thorne
788,Ben Foster
789,Berenice Bejo
790,Anna Sui
791,Bill Daley
792,Audrey Hepburn
793,Andie MacDowell
794,Ava Gardner
795,Beyonce Knowles
796,Amy Ryan
797,Ben Affleck
798,Betty White
799,Ben Johnson
800,Anna Kendrick
801,Ben Johnson
802,Analeigh Tipton
803,Aaron Judge
804,Alexandra Daddario
805,Amy Adams
806,Anna Sui
807,Al Pacino
808,Anne Hathaway
809,Ben Johnson
810,Adrianne Palicki
811,bella thorne
812,Ben Affleck
813,Amber Heard
814,Ben Johnson
815,Andie MacDowell
816,Ben Foster
817,Amy Ryan
818,Anthony Mackie
819,Ashley Judd
820,Adrianne Palicki
821,Anna Sui
822,Anna Friel
823,Bill Daley
824,Al Roker
825,Anna Sui
826,Audrey Hepburn
827,Anne Baxter
828,Ben Johnson
829,Ben Johnson
830,Andreea Diaconu
831,Ben Johnson
832,Ben Johnson
833,Ben Kingsley
834,Amy Ryan
835,Andy Murray
836,Alex Pettyfer
837,Abigail Breslin
838,Anne Baxter
839,Benjamin Bratt
840,Betty White
841,Alessandra Ambrosio
842,Ben Johnson
843,Ava Gardner
844,Andy Garcia
845,bella thorne
846,Ben Johnson
847,Barbra Streisand
848,Aaron Paul
849,Ben Johnson
850,Benicio Del Toro
851,Andy Murray
852,Anna Sui
853,Angelina Jolie
854,Adam Sandler
855,Ben Johnson
856,Anthony Mackie
857,Barabara Palvin
858,Ben Johnson
859,Bill O Reilly
860,Anne Baxter
861,Alex Pettyfer
862,Benicio Del Toro
863,Ben Johnson
864,Amy Schumer
865,Ben Stiller
866,Anna Sui
867,Anna Sui
868,Antonio Banderas
869,Bill Daley
870,Anjelica Huston
871,Ashley Judd
872,Albert Finney
873,bella thorne
874,Aaron Taylor-Johnson
875,Benedict Cumberbatch
876,Amy Ryan
877,Ben Johnson
878,Amy Ryan
879,Ben Johnson
880,Ava Gardner
881,Barbra Streisand
882,Benjamin Bratt
883,Alan Alda
884,Adele
885,Ashley Greene
886,Anna Kendrick
887,Beyonce Knowles
888,Ben Foster
889,Ben Affleck
890,Alessandra Ambrosio
891,Anna Sui
892,Alessandra Ambrosio
893,Ben Johnson
894,Berenice Bejo
895,Betty White
896,Andreea Diaconu
897,Ben Johnson
898,Ava Gardner
899,Anna Sui
900,Anna Sui
901,Ben Johnson
902,Amy Ryan
903,Ben Johnson
904,Bill Pullman
905,Anna Kendrick
906,Anna Sui
907,Anne Baxter
908,Alx James
909,Andrew Luck
910,Ben Johnson
911,Ashton Kutcher
912,Ben Foster
913,Anna Sui
914,Audrey Tautou
915,Anna Paquin
916,Ben Johnson
917,Andreea Diaconu
918,Alan Rickman
919,Amy Adams
920,Benicio Del Toro
921,Ben Johnson
922,Anne Baxter
923,Anna Sui
924,Art Carney
925,Amanda Seyfried
926,Anjelica Huston
927,Anna Sui
928,Ben Johnson
929,Alan Arkin
930,Ben Johnson
931,Amy Schumer
932,Anjelica Huston
933,Aaron Judge
934,Anne Hathaway
935,Andie MacDowell
936,Ben Johnson
937,Ben Johnson
938,Andrew Luck
939,Anthony Hopkins
940,Ashley Greene
941,Anne Baxter
942,Akemi Darenogare
943,Anna Sui
944,Bill O Reilly
945,Ben Johnson
946,Ashley Judd
947,Armin Mueller-Stahl
948,Adriana Barraza
949,Adriana Barraza
950,Anna Kendrick
951,Alexandra Daddario
952,Ben Johnson
953,Al Pacino
954,Ben Johnson
955,Benedict Cumberbatch
956,Ben Johnson
957,Adam Sandler
958,bella thorne
959,Barry Pepper
960,Amy Ryan
961,Aaron Paul
962,Amber Heard
963,Ben Johnson
964,Amanda Crew
965,Ashley Judd
966,Alexandra Daddario
967,Ben Johnson
968,Alx James
969,Amy Ryan
970,Amy Schumer
971,Al Pacino
972,Amy Adams
973,Anne Baxter
974,Anderson Cooper
975,Anna Sui
976,Benedict Cumberbatch
977,Audrey Tautou
978,Ashley Greene
979,Anna Friel
980,Anthony Hopkins
981,Ben Foster
982,Andrew Luck
983,Anna Sui
984,Ben Foster
985,Analeigh Tipton
986,Alx James
987,Anthony Mackie
988,Adele
989,Al Pacino
990,Adriana Lima
991,Anna Sui
992,Ashley Judd
993,Amanda Seyfried
994,Ben Johnson
995,bella thorne
996,Ben Johnson
997,Alx James
998,Ben Johnson
999,Ben Johnson
1000,Anne Hathaway
1001,Benjamin Bratt
1002,Annette Bening
1003,Benjamin Bratt
1004,Anjelica Huston
1005,Anthony Perkins
1006,Ben Foster
1007,Amy Schumer
1008,Bill Hader
1009,Anna Kendrick
1010,Alan Alda
1011,Alessandra Ambrosio
1012,Adrianne Palicki
1013,Al Pacino
1014,Berenice Bejo
1015,Audrey Tautou
1016,Ben Johnson
1017,Akemi Darenogare
1018,Bill O Reilly
1019,Adriana Lima
1020,Alessandra Ambrosio
1021,Benicio Del Toro
1022,Anderson Cooper
1023,Angela Bassett
1024,Anna Sui
1025,Amanda Crew
1026,Ben Johnson
1027,Al Pacino
1028,Betty White
1029,Amy Ryan
1030,Abigail Breslin
1031,Angelina Jolie
1032,Adriana Lima
1033,Ben Johnson
1034,Anne Hathaway
1035,Amanda Crew
1036,Ben Stiller
1037,Ben Johnson
1038,Anna Sui
1039,Anna Sui
1040,Andy Samberg
1041,Ben Johnson
1042,Aaron Judge
1043,Andie MacDowell
1044,Anjelica Huston
1045,Anne Hathaway
1046,Anna Sui
1047,Anne Hathaway
1048,Anne Bancroft
1049,Amanda Peet
1050,Adriana Lima
1051,Angelina Jolie
1052,Amanda Seyfried
1053,Audrey Hepburn
1054,Anna Sui
1055,Ben Johnson
1056,Ben Stiller
1057,Ashton Kutcher
1058,Ben Johnson
1059,Ben Johnson
1060,Ava Gardner
1061,Betty White
1062,Ben Johnson
1063,Benjamin Bratt
1064,Amy Ryan
1065,Ben Johnson
1066,Benicio Del Toro
1067,Bette Midler
1068,Aaron Paul
1069,Anna Sui
1070,Ava Gardner
1071,Adrianne Palicki
1072,Arnold Schwarzenegger
1073,Anne Hathaway
1074,Ben Johnson
1075,Ben Johnson
1076,Alexandra Daddario
1077,Alessandra Ambrosio
1078,Arnold Schwarzenegger
1079,Ashton Kutcher
1080,Alexandra Daddario
1081,Ben Johnson
1082,Ben Stiller
1083,Anna Sui
1084,Ashley Judd
1085,Ben Johnson
1086,Amanda Seyfried
1087,Ben Johnson
1088,Adele
1089,Adriana Barraza
1090,Ben Johnson
1091,Arnold Schwarzenegger
1092,Barbra Streisand
1093,Anna Sui
1094,Barabara Palvin
1095,Anthony Perkins
1096,Ben Johnson
1097,Ben Johnson
1098,Anne Bancroft
1099,Anne Baxter
1100,Anna Kendrick
1101,Anna Sui
1102,Ben Johnson
1103,Andy Murray
1104,Bill Pullman
1105,bella thorne
1106,Ben Johnson
1107,Ashton Kutcher
1108,Anna Sui
1109,Aaron Taylor-Johnson
1110,bella thorne
1111,Benicio Del Toro
1112,Ben Johnson
1113,Ben Johnson
1114,Ben Johnson
1115,Ben Johnson
1116,Anne Baxter
1117,Ben Johnson
1118,Al Roker
1119,Alicia Vikander
1120,Anne Baxter
1121,Anne Baxter
1122,Amanda Peet
1123,Alessandra Ambrosio
1124,Ben Foster
1125,Anna Sui
1126,Anne Baxter
1127,Amanda Bynes
1128,Al Roker
1129,Ben Stiller
1130,Aaron Judge
1131,Ben Johnson
1132,Andy Serkis
1133,Amanda Peet
1134,Anne Hathaway
1135,Adele
1136,Ben Johnson
1137,Ben Johnson
1138,Ben Johnson
1139,Andrew Luck
1140,Anna Sui
1141,Amy Ryan
1142,Ben Johnson
1143,Amy Ryan
1144,Billy Bob Thornton
1145,Anna Sui
1146,Ashley Greene
1147,Alexandra Daddario
1148,Ben Johnson
1149,Arnold Schwarzenegger
1150,Anne Baxter
1151,Bill Daley
1152,Alice Eve
1153,Amy Ryan
1154,Ben Johnson
1155,Alan Rickman
1156,Andy Samberg
1157,Ben Johnson
1158,Audrey Hepburn
1159,Ben Johnson
1160,Audrey Hepburn
1161,Bette Midler
1162,Angela Bassett
1163,Andy Samberg
1164,Ben Johnson
1165,Adriana Barraza
1166,Adriana Barraza
1167,Amy Adams
1168,Ashton Kutcher
1169,Angela Bassett
1170,Ben Johnson
1171,Ben Kingsley
1172,Ben Johnson
1173,Anna Sui
1174,Benicio Del Toro
1175,Anna Sui
1176,Adriana Lima
1177,Billy Bob Thornton
1178,Anne Baxter
1179,Audrey Tautou
1180,Adriana Lima
1181,Alan Arkin
1182,Ben Johnson
1183,Ben Kingsley
1184,Bella Hadid
1185,Ben Johnson
1186,Bill Pullman
1187,Ben Johnson
1188,Amanda Peet
1189,Anne Hathaway
1190,Ben Johnson
1191,Amy Ryan
1192,Billy Bob Thornton
1193,Andy Samberg
1194,Amber Heard
1195,Amy Ryan
1196,Analeigh Tipton
1197,Berenice Bejo
1198,Ben Johnson
1199,Audrey Hepburn
1200,Ben Johnson
1201,Anna Sui
1202,Alan Rickman
1203,Ben Johnson
1204,Barbra Streisand
1205,Ben Affleck
1206,Alexandra Daddario
1207,Ben Johnson
1208,Anna Sui
1209,Amanda Crew
1210,Ben Johnson
1211,Ben Stiller
1212,Anna Sui
1213,Aaron Paul
1214,Ben Johnson
1215,Ashley Graham
1216,Ben Johnson
1217,Amy Schumer
1218,Ava Gardner
1219,Anne Bancroft
1220,Angelina Jolie
1221,bella thorne
1222,Ben Johnson
1223,Anna Friel
1224,Amy Ryan
1225,Ben Johnson
1226,Ben Johnson
1227,Barbra Streisand
1228,Anthony Perkins
1229,Barry Pepper
1230,Ben Johnson
1231,Anna Sui
1232,Abigail Breslin
1233,Ben Johnson
1234,Anna Sui
1235,Ben Johnson
1236,Amy Schumer
1237,Ali Larter
1238,Ben Johnson
1239,Andie MacDowell
1240,Bill O Reilly
1241,Ben Johnson
1242,Audrey Tautou
1243,Alx James
1244,Ben Johnson
1245,Bill Hader
1246,AnnaSophia Robb
1247,Bill Daley
1248,Anjelica Huston
1249,Amy Ryan
1250,Barry Pepper
1251,Ben Johnson
1252,Ben Johnson
1253,Aaron Judge
1254,Amanda Peet
1255,Anne Bancroft
1256,Ben Johnson
1257,Ben Johnson
1258,Ashton Kutcher
1259,Anna Sui
1260,Aaron Judge
1261,Ben Johnson
1262,Barry Pepper
1263,Ben Johnson
1264,Anthony Mackie
1265,Ben Johnson
1266,Anne Hathaway
1267,Ashton Kutcher
1268,Anna Sui
1269,Bernie Mac
1270,Amy Schumer
1271,Ben Johnson
1272,Art Carney
1273,Anne Baxter
1274,Anna Sui
1275,Bette Midler
1276,Ben Johnson
1277,Ben Johnson
1278,Anna Sui
1279,Adam Sandler
1280,Anna Sui
1281,Anne Hathaway
1282,Analeigh Tipton
1283,Amy Adams
1284,Amanda Peet
1285,Anna Sui
1286,Amy Adams
1287,Anna Sui
1288,Audrey Hepburn
1289,Ashton Kutcher
1290,Alan Arkin
1291,Billy Bob Thornton
1292,Arnold Schwarzenegger
1293,Bella Hadid
1294,Bill Daley
1295,Ben Johnson
1296,bella thorne
1297,Ben Johnson
1298,Ben Stiller
1299,Ben Johnson
1300,Amber Heard
1301,Ben Johnson
1302,Ali Larter
1303,Albert Finney
1304,Ben Johnson
1305,Adele
1306,Barry Pepper
1307,Ben Johnson
1308,Ben Johnson
1309,Anna Sui
1310,Amanda Bynes
1311,Ben Johnson
1312,Adriana Lima
1313,Andy Garcia
1314,Aaron Paul
1315,Bette Midler
1316,Anna Sui
1317,Ben Johnson
1318,Anne Baxter
1319,Audrey Tautou
1320,Anna Sui
1321,Ben Johnson
1322,Barbra Streisand
1323,Bill Murray
1324,Ben Johnson
1325,Ben Johnson
1326,Anne Baxter
1327,bella thorne
1328,Ben Johnson
1329,Ben Johnson
1330,Ben Johnson
1331,Amy Adams
1332,Ben Johnson
1333,Bill Murray
1334,Ben Johnson
1335,Alan Arkin
1336,Amy Ryan
1337,AnnaSophia Robb
1338,Abigail Breslin
1339,Anna Friel
1340,Bill Daley
1341,Alexandra Daddario
1342,Aaron Taylor-Johnson
1343,Anne Bancroft
1344,Anna Kendrick
1345,Andy Serkis
1346,Ben Johnson
1347,Bill Daley
1348,Ben Johnson
1349,Alexandra Daddario
1350,Alice Eve
1351,Ben Foster
1352,Bill Daley
1353,Benicio Del Toro
1354,Alexander Skarsgard
1355,Anna Sui
1356,Amy Ryan
1357,Ben Johnson
1358,Alessandra Ambrosio
1359,Ben Johnson
1360,Annette Bening
1361,Ashton Kutcher
1362,Anna Sui
1363,Adrianne Palicki
1364,Al Roker
1365,Ashley Greene
1366,Angelina Jolie
1367,Ashley Graham
1368,Audrey Tautou
1369,Ben Johnson
1370,Anna Kendrick
1371,Angelina Jolie
1372,Anjelica Huston
1373,Annette Bening
1374,Ben Johnson
1375,Angelina Jolie
1376,Ben Johnson
1377,Ben Johnson
1378,Ben Johnson
1379,Anne Baxter
1380,Ben Johnson
1381,Ben Foster
1382,Bill Daley
1383,Ben Johnson
1384,Amber Heard
1385,Barabara Palvin
1386,Amber Heard
1387,Andie MacDowell
1388,Billy Bob Thornton
1389,Ben Johnson
1390,Anna Sui
1391,Adrien Brody
1392,Ben Johnson
1393,Bill Paxton
1394,Abigail Breslin
1395,Ben Johnson
1396,Ben Johnson
1397,Anne Baxter
1398,Anne Bancroft
1399,Anna Sui
1400,Ali Larter
1401,Ashley Graham
1402,Ava Gardner
1403,Albert Brooks
1404,Alice Eve
1405,Ben Johnson
1406,Arnold Schwarzenegger
1407,Anna Sui
1408,Ben Johnson
1409,Amy Ryan
1410,Ben Johnson
1411,Bill Pullman
1412,Ben Johnson
1413,Ben Johnson
1414,Ben Johnson
1415,Adrianne Palicki
1416,Angela Bassett
1417,Ben Johnson
1418,Anna Sui
1419,Benedict Cumberbatch
1420,Adam Sandler
1421,Alan Arkin
1422,Anne Baxter
1423,Ben Stiller
1424,Amanda Peet
1425,Ben Affleck
1426,Andie MacDowell
1427,Billy Bob Thornton
1428,Ben Stiller
1429,Ben Johnson
1430,Analeigh Tipton
1431,Anthony Hopkins
1432,Beyonce Knowles
1433,bella thorne
1434,Andy Samberg
1435,Ben Johnson
1436,Benjamin Bratt
1437,Anna Sui
1438,Andrew Garfield
1439,Bill Hader
1440,Ben Johnson
1441,Ben Foster
1442,Benicio Del Toro
1443,Ben Stiller
1444,Bill Pullman
1445,Ben Johnson
1446,Ben Johnson
1447,Adriana Lima
1448,Andy Garcia
1449,Alex Pettyfer
1450,Amy Schumer
1451,bella thorne
1452,Andreea Diaconu
1453,Ben Johnson
1454,Andy Serkis
1455,Ben Johnson
1456,Alexis Thorpe
1457,Amy Ryan
1458,Ben Johnson
1459,Beyonce Knowles
1460,Ben Johnson
1461,Anthony Hopkins
1462,Ashley Judd
1463,Adriana Lima
1464,Ben Foster
1465,Bill Daley
1466,Al Pacino
1467,Bill Daley
1468,Aaron Taylor-Johnson
1469,Bill Daley
1470,Amber Heard
1471,Amy Ryan
1472,Ben Johnson
1473,Anna Paquin
1474,Ben Johnson
1475,Adrianne Palicki
1476,Bella Hadid
1477,Ashley Greene
1478,Bella Hadid
1479,Anna Sui
1480,Ben Johnson
1481,Andreea Diaconu
1482,Abigail Breslin
1483,Ben Johnson
1484,Alessandra Ambrosio
1485,Al Pacino
1486,Aaron Judge
1487,Albert Finney
1488,Beyonce Knowles
1489,Amy Adams
1490,Andy Murray
1491,Alan Arkin
1492,Benedict Cumberbatch
1493,Ben Johnson
1494,Ben Johnson
1495,Amy Adams
1496,Andy Murray
1497,Angela Bassett
1498,Alexandra Daddario
1499,Ben Foster
1500,Beyonce Knowles
1501,Alexander Skarsgard
1502,Armin Mueller-Stahl
1503,Anne Bancroft
1504,Benedict Cumberbatch
1505,Al Roker
1506,Ben Johnson
1507,Ben Johnson
1508,Anna Sui
1509,Bill Daley
1510,Ben Johnson
1511,Benicio Del Toro
1512,Ben Johnson
1513,Berenice Bejo
1514,Anna Sui
1515,Barabara Palvin
1516,Anna Sui
1517,Antonio Banderas
1518,Anna Sui
1519,Ben Foster
1520,Bill Paxton
1521,Ben Johnson
1522,Ben Johnson
1523,Alexis Thorpe
1524,Aaron Taylor-Johnson
1525,Ben Johnson
1526,Ben Johnson
1527,Andrew Lincoln
1528,Ben Kingsley
1529,Benedict Cumberbatch
1530,Ben Johnson
1531,Anna Sui
1532,Akemi Darenogare
1533,Andreea Diaconu
1534,Ben Johnson
1535,Ashley Judd
1536,Analeigh Tipton
1537,Ashton Kutcher
1538,Ben Johnson
1539,Ben Johnson
1540,Anne Baxter
1541,Anne Hathaway
1542,Bill Daley
1543,Anna Sui
1544,Anna Sui
1545,Ben Johnson
1546,Bill Daley
1547,Barbra Streisand
1548,Ben Johnson
1549,Amber Heard
1550,Anna Sui
1551,Amy Ryan
1552,Ben Affleck
1553,Andy Samberg
1554,Ashton Kutcher
1555,Ben Johnson
1556,Ben Johnson
1557,Beyonce Knowles
1558,Anna Sui
1559,Ashley Greene
1560,Ben Johnson
1561,Audrey Hepburn
1562,Ben Johnson
1563,Ben Johnson
1564,Armin Mueller-Stahl
1565,Alex Pettyfer
1566,Ashley Graham
1567,Alan Rickman
1568,Amanda Crew
1569,Andy Murray
1570,Amy Ryan
1571,Anna Sui
1572,Ben Foster
1573,Ben Stiller
1574,Andrew Lincoln
1575,Aaron Judge
1576,Ben Foster
1577,Ben Stiller
1578,Ben Foster
1579,Ben Stiller
1580,Adrien Brody
1581,Alan Rickman
1582,Bill Pullman
1583,Amanda Seyfried
1584,Adrien Brody
1585,Ali Larter
1586,Bill Hader
1587,Andy Murray
1588,Adam Sandler
1589,Barabara Palvin
1590,Anna Sui
1591,Ben Johnson
1592,Ben Johnson
1593,Ava Gardner
1594,Ben Foster
1595,Ben Johnson
1596,Albert Finney
1597,Alan Arkin
1598,Ben Johnson
1599,Amanda Crew
1600,Beyonce Knowles
1601,Billy Bob Thornton
1602,Anne Hathaway
1603,Ben Johnson
1604,Anna Kendrick
1605,Ben Johnson
1606,Ben Johnson
1607,Bill Pullman
1608,Ben Johnson
1609,Ben Johnson
1610,Anderson Cooper
1611,Beyonce Knowles
1612,Anthony Hopkins
1613,Ben Johnson
1614,Ben Johnson
1615,Ben Johnson
1616,Anne Hathaway
1617,Bill Daley
1618,Amy Ryan
1619,Ben Johnson
1620,Ben Johnson
1621,Adam Sandler
1622,Andreea Diaconu
1623,Anjelica Huston
1624,Billy Bob Thornton
1625,Alicia Vikander
1626,Ben Johnson
1627,Adrien Brody
1628,Anna Sui
1629,Ben Johnson
1630,Andy Serkis
1631,Antonio Banderas
1632,Amber Heard
1633,Andrew Lincoln
1634,Alice Eve
1635,Aaron Taylor-Johnson
1636,Alan Arkin
1637,Ben Johnson
1638,Ben Johnson
1639,Anna Sui
1640,Anderson Cooper
1641,Bill Rancic
1642,Ali Larter
1643,Ben Johnson
1644,Ben Johnson
1645,Anne Bancroft
1646,Adam Sandler
1647,Angela Bassett
1648,Ben Foster
1649,Ashley Graham
1650,Anna Paquin
1651,Ben Johnson
1652,Audrey Hepburn
1653,Akemi Darenogare
1654,Anna Sui
1655,Ben Johnson
1656,Ben Johnson
1657,Benedict Cumberbatch
1658,Ben Johnson
1659,Antonio Banderas
1660,Adam Sandler
1661,Ben Johnson
1662,Ben Foster
1663,Ben Johnson
1664,Andrew Lincoln
1665,bella thorne
1666,Ben Foster
1667,Ben Johnson
1668,Amanda Peet
1669,Anna Sui
1670,Anna Friel
1671,Beyonce Knowles
1672,Armin Mueller-Stahl
1673,Bill Daley
1674,Ben Johnson
1675,Amanda Crew
1676,Ben Johnson
1677,Anna Kendrick
1678,Anne Bancroft
1679,Anna Kendrick
1680,Ben Stiller
1681,Ben Johnson
1682,Audrey Tautou
1683,Adele
1684,Anna Friel
1685,Bill O Reilly
1686,Beyonce Knowles
1687,Anna Friel
1688,Aaron Taylor-Johnson
1689,Ben Johnson
1690,Ben Johnson
1691,Ben Johnson
1692,Ben Johnson
1693,Adriana Barraza
1694,Angela Bassett
1695,Andy Murray
1696,Anthony Hopkins
1697,Audrey Hepburn
1698,Ben Affleck
1699,Analeigh Tipton
1700,Anna Sui
1701,Antonio Banderas
1702,Amy Schumer
1703,Ben Johnson
1704,bella thorne
1705,Ben Johnson
1706,Audrey Tautou
1707,Adam Sandler
1708,Anna Sui
1709,Al Roker
1710,Amber Heard
1711,Anna Paquin
1712,Bill O Reilly
1713,Ben Johnson
1714,Ben Johnson
1715,Adam Sandler
1716,Amy Ryan
1717,Anderson Cooper
1718,bella thorne
1719,Angelina Jolie
1720,Bill Paxton
1721,Ben Johnson
1722,Anna Sui
1723,Ben Johnson
1724,Alx James
1725,Adam Sandler
1726,Bella Hadid
1727,Alex Pettyfer
1728,Ben Johnson
1729,Audrey Hepburn
1730,Abigail Breslin
1731,Ben Johnson
1732,Anna Sui
1733,Antonio Banderas
1734,Angelina Jolie
1735,Anna Sui
1736,Ben Foster
1737,Angela Bassett
1738,Amy Ryan
1739,Ben Johnson
1740,Ben Kingsley
1741,Ben Johnson
1742,Angela Bassett
1743,Anna Sui
1744,Amanda Bynes
1745,Anne Baxter
1746,Ashley Judd
1747,Barbra Streisand
1748,Ben Johnson
1749,Amber Heard
1750,Ashton Kutcher
1751,Audrey Hepburn
1752,Ben Johnson
1753,Amber Heard
1754,Bill Paxton
1755,Ben Johnson
1756,Aaron Paul
1757,Anna Sui
1758,Ashton Kutcher
1759,Amy Ryan
1760,Betty White
1761,Ben Johnson
1762,AnnaSophia Robb
1763,Andrew Garfield
1764,Anna Sui
1765,Anna Kendrick
1766,Ben Kingsley
1767,Al Pacino
1768,bella thorne
1769,Bill Paxton
1770,Ben Johnson
1771,Anna Sui
1772,Andrew Garfield
1773,Alan Alda
1774,Ben Johnson
1775,Billy Bob Thornton
1776,Aaron Taylor-Johnson
1777,Al Pacino
1778,Ben Johnson
1779,Amanda Peet
1780,Anderson Cooper
1781,Billy Bob Thornton
1782,bella thorne
1783,Andreea Diaconu
1784,Anna Sui
1785,Ben Johnson
1786,Anna Paquin
1787,Ava Gardner
1788,Ali Larter
1789,Benedict Cumberbatch
1790,Ben Foster
1791,Ben Johnson
1792,Bill Rancic
1793,Bernie Mac
1794,Ben Johnson
1795,Angelina Jolie
1796,Ben Johnson
1797,Benjamin Bratt
1798,Amanda Peet
1799,Ben Johnson
1800,Bill Paxton
1801,Amy Adams
1802,Alicia Vikander
1803,Benjamin Bratt
1804,Ashton Kutcher
1805,Bill Murray
1806,Ben Johnson
1807,Benjamin Bratt
1808,Ava Gardner
1809,Barry Pepper
1810,Anne Bancroft
1811,Amy Adams
1812,Ben Johnson
1813,Audrey Tautou
1814,bella thorne
1815,Beyonce Knowles
1816,Alexandra Daddario
1817,Anna Sui
1818,Billy Bob Thornton
1819,Akemi Darenogare
1820,Ben Johnson
1821,Ashton Kutcher
1822,Albert Finney
1823,Amy Adams
1824,Adriana Barraza
1825,Ben Johnson
1826,Andrew Lincoln
1827,Alexander Skarsgard
1828,Benedict Cumberbatch
1829,Anthony Hopkins
1830,Ben Johnson
1831,Ben Johnson
1832,Bella Hadid
1833,Bill Murray
1834,Ben Johnson
1835,Ben Kingsley
1836,Angela Bassett
1837,Ben Foster
1838,Andy Samberg
1839,Ben Johnson
1840,Angela Bassett
1841,Ben Johnson
1842,Billy Bob Thornton
1843,Amy Schumer
1844,Adam Sandler
1845,Bill O Reilly
1846,Andie MacDowell
1847,Billy Bob Thornton
1848,Ben Foster
1849,Alexander Skarsgard
1850,Anna Sui
1851,Al Pacino
1852,Bill Paxton
1853,Andy Garcia
1854,Bill Paxton
1855,Anna Sui
1856,Anna Sui
1857,Adriana Lima
1858,Ben Johnson
1859,Ben Johnson
1860,Albert Brooks
1861,Ben Johnson
1862,Ben Affleck
1863,Alessandra Ambrosio
1864,Anthony Hopkins
1865,Ben Johnson
1866,Ben Foster
1867,Alan Alda
1868,Anna Sui
1869,Amy Ryan
1870,Benicio Del Toro
1871,Alex Pettyfer
1872,Aaron Paul
1873,Ben Johnson
1874,Anne Hathaway
1875,Anna Sui
1876,Amy Adams
1877,Amanda Seyfried
1878,Alessandra Ambrosio
1879,Ben Johnson
1880,Albert Finney
1881,Anna Sui
1882,Amy Ryan
1883,Andy Murray
1884,Aaron Judge
1885,Ben Johnson
1886,Barabara Palvin
1887,Alx James
1888,Anna Sui
1889,Adriana Barraza
1890,Ben Foster
1891,Andie MacDowell
1892,Ben Kingsley
1893,Anna Sui
1894,Amanda Crew
1895,Audrey Tautou
1896,bella thorne
1897,Ben Johnson
1898,Amy Ryan
1899,Alexandra Daddario
1900,Alex Pettyfer
1901,Ben Foster
1902,Bill Hader
1903,Amanda Seyfried
1904,Amy Adams
1905,Ashton Kutcher
1906,Amanda Crew
1907,Anne Baxter
1908,Ben Johnson
1909,Amy Ryan
1910,Aaron Paul
1911,Analeigh Tipton
1912,Benedict Cumberbatch
1913,Alan Rickman
1914,Ben Johnson
1915,Anne Hathaway
1916,Beyonce Knowles
1917,Amber Heard
1918,Ben Johnson
1919,Ben Johnson
1920,Ashley Greene
1921,Amy Schumer
1922,Ben Johnson
1923,AnnaSophia Robb
1924,Alan Rickman
1925,Ben Johnson
1926,Ben Johnson
1927,Anna Paquin
1928,Ben Johnson
1929,Benedict Cumberbatch
1930,Anna Friel
1931,Alan Alda
1932,bella thorne
1933,Amy Adams
1934,Betty White
1935,Anna Kendrick
1936,Bill Murray
1937,Alicia Vikander
1938,Benjamin Bratt
1939,Anna Paquin
1940,Anna Friel
1941,Armin Mueller-Stahl
1942,Ben Johnson
1943,Ben Johnson
1944,Beyonce Knowles
1945,Amber Heard
1946,Ben Johnson
1947,Anna Sui
1948,Anna Sui
1949,Andie MacDowell
1950,Bill Daley
1951,Alan Alda
1952,Amy Schumer
1953,Adam Sandler
1954,Adrianne Palicki
1955,Andrew Garfield
1956,Adam Sandler
1957,Ben Johnson
1958,Betty White
1959,Abigail Breslin
1960,Aaron Judge
1961,Anna Sui
1962,Akemi Darenogare
1963,Alicia Vikander
1964,Anna Kendrick
1965,Ben Johnson
1966,Ali Larter
1967,Ben Johnson
1968,Bette Midler
1969,Audrey Tautou
1970,Ben Johnson
1971,Barabara Palvin
1972,Bella Hadid
1973,Barbra Streisand
1974,Aaron Judge
1975,Alec Baldwin
1976,Ashton Kutcher
1977,Bette Midler
1978,Arnold Schwarzenegger
1979,Benedict Cumberbatch
1980,Angela Bassett
1981,Anjelica Huston
1982,Ben Johnson
1983,Ben Johnson
1984,Ben Johnson
1985,Adriana Barraza
1986,Ashton Kutcher
1987,Amy Adams
1988,Ashton Kutcher
1989,Amy Adams
1990,Bill Daley
1991,Anthony Perkins
1992,Ben Johnson
1993,Ben Johnson
1994,Ben Johnson
1995,Anna Sui
1996,Anna Sui
1997,Ben Johnson
1998,Ben Johnson
1999,Benedict Cumberbatch
2000,Andreea Diaconu
2001,Ben Johnson
2002,Alexandra Daddario
2003,Ali Larter
2004,Ben Johnson
2005,Ben Kingsley
2006,Alx James
2007,Ben Johnson
2008,Ben Johnson
2009,Beyonce Knowles
2010,Ben Johnson
2011,Adriana Barraza
2012,Amy Ryan
2013,Ben Johnson
2014,Akemi Darenogare
2015,Bill Paxton
2016,Ben Johnson
2017,Albert Brooks
2018,Alicia Vikander
2019,Ben Johnson
2020,Adele
2021,Bill Murray
2022,Bette Midler
2023,Al Pacino
2024,Anne Bancroft
2025,Angela Bassett
2026,Anna Friel
2027,Ben Johnson
2028,Anjelica Huston
2029,Beyonce Knowles
2030,Amanda Seyfried
2031,Amy Adams
2032,Amanda Seyfried
2033,Amy Adams
2034,Anna Sui
2035,Bill Pullman
2036,Ben Stiller
2037,Anna Sui
2038,Betty White
2039,Billy Bob Thornton
2040,Anne Bancroft
2041,Ben Johnson
2042,Ben Foster
2043,Bill Paxton
2044,Anjelica Huston
2045,Amanda Peet
2046,Alexandra Daddario
2047,Audrey Tautou
2048,Ben Johnson
2049,Art Carney
2050,Armin Mueller-Stahl
2051,Analeigh Tipton
2052,Bella Hadid
2053,Amy Adams
2054,Anne Baxter
2055,Bill Daley
2056,AnnaSophia Robb
2057,Ashton Kutcher
2058,Bill Pullman
2059,Alexis Thorpe
2060,Anna Sui
2061,Amanda Crew
2062,Art Carney
2063,Amy Ryan
2064,Amy Ryan
2065,Ben Johnson
2066,Ben Foster
2067,Amy Ryan
2068,Ben Johnson
2069,Amanda Crew
2070,Ben Johnson
2071,Beyonce Knowles
2072,Andie MacDowell
2073,Ashton Kutcher
2074,Angela Bassett
2075,Bill O Reilly
2076,Adele
2077,Bill Murray
2078,Anne Baxter
2079,Bill Daley
2080,Alexis Thorpe
2081,Al Pacino
2082,Ben Foster
2083,Bill Murray
2084,Ben Foster
2085,Andy Garcia
2086,Ben Johnson
2087,Andy Garcia
2088,Ben Johnson
2089,Alexander Skarsgard
2090,Anna Paquin
2091,Anna Sui
2092,Ben Johnson
2093,Amber Heard
2094,Bill O Reilly
2095,Bill O Reilly
2096,Anne Baxter
2097,Anna Sui
2098,Antonio Banderas
2099,Anthony Perkins
2100,Anna Sui
2101,Anne Bancroft
2102,Anne Baxter
2103,Andie MacDowell
2104,Amanda Crew
2105,Anna Kendrick
2106,Ben Johnson
2107,Angela Bassett
2108,Ben Johnson
2109,Anna Sui
2110,Ben Johnson
2111,Billy Bob Thornton
2112,Alessandra Ambrosio
2113,Audrey Tautou
2114,Anthony Perkins
2115,Anna Sui
2116,Ben Johnson
2117,Adam Sandler
2118,Aaron Taylor-Johnson
2119,Ben Johnson
2120,Amanda Seyfried
2121,Arnold Schwarzenegger
2122,Benedict Cumberbatch
2123,Andy Murray
2124,Benicio Del Toro
2125,Alessandra Ambrosio
2126,Ben Johnson
2127,Bill Rancic
2128,Ben Johnson
2129,Arnold Schwarzenegger
2130,Ben Johnson
2131,Benicio Del Toro
2132,Annette Bening
2133,Andrew Lincoln
2134,Anne Baxter
2135,Albert Finney
2136,Amanda Crew
2137,Ben Foster
2138,Bill Paxton
2139,Arnold Schwarzenegger
2140,Ben Johnson
2141,Bill Daley
2142,Ben Johnson
2143,Ben Johnson
2144,Ben Johnson
2145,Aaron Paul
2146,Anna Kendrick
2147,Ben Foster
2148,Beyonce Knowles
2149,Barbra Streisand
2150,Alicia Vikander
2151,Anna Sui
2152,Adrien Brody
2153,Ben Johnson
2154,Adrianne Palicki
2155,Amy Ryan
2156,Alan Alda
2157,Adriana Lima
2158,Ben Foster
2159,Bill Murray
2160,Ben Johnson
2161,Ben Johnson
2162,Ben Johnson
2163,Ben Foster
2164,Alan Alda
2165,Adrianne Palicki
2166,Anna Sui
2167,Analeigh Tipton
2168,Bill Hader
2169,Bill Daley
2170,Andy Murray
2171,Ben Johnson
2172,Amy Schumer
2173,Albert Brooks
2174,Ben Johnson
2175,Ben Johnson
2176,Analeigh Tipton
2177,Ashley Judd
2178,Ben Johnson
2179,Ben Stiller
2180,Aaron Paul
2181,Abigail Breslin
2182,Ben Johnson
2183,Anna Sui
2184,Anne Baxter
2185,Bill Rancic
2186,Alice Eve
2187,Amber Heard
2188,Amanda Bynes
2189,Anthony Hopkins
2190,Anna Sui
2191,Amanda Peet
2192,Antonio Banderas
2193,Alan Alda
2194,Alessandra Ambrosio
2195,Al Roker
2196,Ben Johnson
2197,Ben Johnson
2198,Ben Johnson
2199,Ben Johnson
2200,Amy Ryan
2201,Angelina Jolie
2202,Ben Johnson
2203,Angela Bassett
2204,Angelina Jolie
2205,Akemi Darenogare
2206,Anne Hathaway
2207,Anne Hathaway
2208,Bernie Mac
2209,Amy Schumer
2210,Bill O Reilly
2211,Armin Mueller-Stahl
2212,Ashley Greene
2213,AnnaSophia Robb
2214,Adam Sandler
2215,Anna Sui
2216,Anna Paquin
2217,Beyonce Knowles
2218,Ben Johnson
2219,Ben Johnson
2220,Anna Sui
2221,Ben Johnson
2222,Bette Midler
2223,Adriana Barraza
2224,Ashton Kutcher
2225,Alx James
2226,Andrew Luck
2227,Ava Gardner
2228,Amy Ryan
2229,Andy Murray
2230,Ben Johnson
2231,Al Pacino
2232,Andrew Luck
2233,Ben Johnson
2234,Ben Johnson
2235,Anne Baxter
2236,Ava Gardner
2237,Ben Foster
2238,Audrey Hepburn
2239,Alan Arkin
2240,Ben Johnson
2241,Anna Faris
2242,Billy Bob Thornton
2243,Annette Bening
2244,Ben Johnson
2245,Ben Kingsley
2246,Anjelica Huston
2247,Ben Johnson
2248,Ben Johnson
2249,Anna Sui
2250,Anne Hathaway
2251,Al Roker
2252,Anne Hathaway
2253,Anna Sui
2254,Albert Brooks
2255,Ben Johnson
2256,Andreea Diaconu
2257,Anjelica Huston
2258,Ben Johnson
2259,Benedict Cumberbatch
2260,Anna Sui
2261,Barry Pepper
2262,Alexis Thorpe
2263,Anna Sui
2264,Anna Paquin
2265,Bill Daley
2266,Amber Heard
2267,Ben Affleck
2268,Ben Johnson
2269,Annette Bening
2270,Ben Johnson
2271,Analeigh Tipton
2272,Ben Foster
2273,Alan Rickman
2274,Beyonce Knowles
2275,Alexandra Daddario
2276,Alexis Thorpe
2277,Ben Foster
2278,Ashley Graham
2279,Ben Johnson
2280,Ben Johnson
2281,Ben Johnson
2282,Ben Johnson
2283,Ben Johnson
2284,Ben Johnson
2285,Anthony Hopkins
2286,Ava Gardner
2287,Antonio Banderas
2288,Ben Johnson
2289,Ben Johnson
2290,Ben Johnson
2291,Amanda Bynes
2292,Anna Sui
2293,Amanda Seyfried
2294,Andreea Diaconu
2295,Anne Bancroft
2296,Andrew Lincoln
2297,Amanda Seyfried
2298,Al Roker
2299,Ben Johnson
2300,Art Carney
2301,Ben Johnson
2302,Aaron Paul
2303,Alexandra Daddario
2304,Ben Kingsley
2305,Alexandra Daddario
2306,Amy Ryan
2307,Arnold Schwarzenegger
2308,Alice Eve
2309,Ben Johnson
2310,Ben Johnson
2311,Adriana Lima
2312,Ben Johnson
2313,Anna Sui
2314,Alexis Thorpe
2315,Anna Sui
2316,Amy Ryan
2317,Abigail Breslin
2318,Annette Bening
2319,Adele
2320,Ben Johnson
2321,Ben Johnson
2322,Andy Garcia
2323,Bill Pullman
2324,Anna Sui
2325,Anna Sui
2326,Anna Paquin
2327,Ben Johnson
2328,Ben Johnson
2329,Anna Sui
2330,Betty White
2331,Ben Johnson
2332,Alexandra Daddario
2333,Ben Johnson
2334,Aaron Judge
2335,Angela Bassett
2336,Amy Ryan
2337,Anna Sui
2338,Beyonce Knowles
2339,Al Roker
2340,Ben Johnson
2341,Barry Pepper
2342,Anne Hathaway
2343,Al Pacino
2344,Ben Johnson
2345,bella thorne
2346,Antonio Banderas
2347,Ben Johnson
2348,Bill Daley
2349,Ben Johnson
2350,Ben Johnson
2351,Amanda Crew
2352,Adam Sandler
2353,Alan Arkin
2354,Benjamin Bratt
2355,Bill Pullman
2356,Ben Johnson
2357,Anna Sui
2358,Ashley Greene
2359,Amy Schumer
2360,Amy Ryan
2361,Amanda Crew
2362,Amanda Peet
2363,Benjamin Bratt
2364,Anjelica Huston
2365,Adele
2366,Andrew Lincoln
2367,Andy Murray
2368,Ben Johnson
2369,Ben Johnson
2370,Amanda Bynes
2371,Ben Johnson
2372,Alec Baldwin
2373,Amanda Seyfried
2374,Alx James
2375,Ben Johnson
2376,Al Pacino
2377,Angela Bassett
2378,Ben Johnson
2379,Analeigh Tipton
2380,Amanda Seyfried
2381,Ben Johnson
2382,Anna Sui
2383,Ben Johnson
2384,Andrew Luck
2385,Ashley Greene
2386,Annette Bening
2387,Anthony Hopkins
2388,Ben Johnson
2389,Andrew Luck
2390,Betty White
2391,Analeigh Tipton
2392,Abigail Breslin
2393,Ben Johnson
2394,Amanda Bynes
2395,Andrew Lincoln
2396,Amanda Peet
2397,Anna Paquin
2398,Ben Johnson
2399,Ben Johnson
2400,Alex Pettyfer
2401,Bernie Mac
2402,Andy Samberg
2403,Anne Baxter
2404,Bill O Reilly
2405,Bill O Reilly
2406,Anjelica Huston
2407,Alex Pettyfer
2408,Alan Rickman
2409,Beyonce Knowles
2410,AnnaSophia Robb
2411,Alexandra Daddario
2412,Ashley Judd
2413,Ben Johnson
2414,Anna Friel
2415,Amanda Bynes
2416,Betty White
2417,Abigail Breslin
2418,Angela Bassett
2419,Adam Sandler
2420,Amy Schumer
2421,Audrey Hepburn
2422,Anne Bancroft
2423,Ashley Greene
2424,Anne Hathaway
2425,Angela Bassett
2426,Ben Johnson
2427,Ben Johnson
2428,Ben Kingsley
2429,Andy Samberg
2430,Arnold Schwarzenegger
2431,Anna Sui
2432,Benjamin Bratt
2433,Ben Johnson
2434,Anjelica Huston
2435,Betty White
2436,Alice Eve
2437,Ben Johnson
2438,Albert Finney
2439,Ben Johnson
2440,Abigail Breslin
2441,Andreea Diaconu
2442,Amy Ryan
2443,Abigail Breslin
2444,Anthony Perkins
2445,Ben Johnson
2446,Ben Johnson
2447,Barabara Palvin
2448,Andrew Luck
2449,Ben Johnson
2450,Ben Johnson
2451,Ben Johnson
2452,Amanda Seyfried
2453,Angela Bassett
2454,Benedict Cumberbatch
2455,Amanda Bynes
2456,Ashton Kutcher
2457,Ben Johnson
2458,Ashton Kutcher
2459,Alex Pettyfer
2460,Ben Johnson
2461,Albert Finney
2462,Adele
2463,Ava Gardner
2464,Ben Johnson
2465,Ava Gardner
2466,Amy Ryan
2467,Anthony Hopkins
2468,Bill Murray
2469,Ben Johnson
2470,Amber Heard
2471,Ben Johnson
2472,Andrew Lincoln
2473,Ben Johnson
2474,Amy Schumer
2475,Anna Sui
2476,Angelina Jolie
2477,Ben Johnson
2478,Anna Sui
2479,Anne Hathaway
2480,Bill Pullman
2481,Ben Johnson
2482,Ben Johnson
2483,Anjelica Huston
2484,Albert Finney
2485,Ben Johnson
2486,Ben Johnson
2487,Anna Sui
2488,Benjamin Bratt
2489,bella thorne
2490,Ben Johnson
2491,Ashley Graham
2492,Andie MacDowell
2493,Andy Samberg
2494,Ben Johnson
2495,Ben Johnson
2496,Anna Sui
2497,Anne Baxter
2498,Amanda Bynes
2499,Anna Sui
2500,Amy Adams
2501,Ben Johnson
2502,Anna Friel
2503,Anna Paquin
2504,Angelina Jolie
2505,Aaron Taylor-Johnson
2506,Ashton Kutcher
2507,bella thorne
2508,Amanda Bynes
2509,Andreea Diaconu
2510,Anna Friel
2511,Alexandra Daddario
2512,Amy Ryan
2513,Amy Ryan
2514,Anderson Cooper
2515,Analeigh Tipton
2516,Ben Johnson
2517,Anna Sui
2518,Andy Samberg
2519,Bette Midler
2520,Amy Schumer
2521,Analeigh Tipton
2522,Barabara Palvin
2523,Alexandra Daddario
2524,Alx James
2525,Bill Hader
2526,Aaron Judge
2527,Ben Johnson
2528,Aaron Judge
2529,Andy Samberg
2530,Ben Johnson
2531,AnnaSophia Robb
2532,Ben Johnson
2533,Andreea Diaconu
2534,Ben Johnson
2535,Ben Johnson
2536,Benicio Del Toro
2537,Aaron Judge
2538,Ben Affleck
2539,Ben Johnson
2540,Amanda Seyfried
2541,Andie MacDowell
2542,Amy Adams
2543,Anna Sui
2544,Anna Sui
2545,Alicia Vikander
2546,Amber Heard
2547,bella thorne
2548,Berenice Bejo
2549,Analeigh Tipton
2550,Anna Paquin
2551,Benedict Cumberbatch
2552,Audrey Hepburn
2553,Barabara Palvin
2554,Ben Foster
2555,Anna Sui
2556,Amy Ryan
2557,Anna Friel
2558,Ben Stiller
2559,Amanda Bynes
2560,Anthony Hopkins
2561,Ashley Greene
2562,Ashley Graham
2563,Amy Ryan
2564,Amber Heard
2565,Ben Kingsley
2566,Anna Sui
2567,Barbra Streisand
2568,Betty White
2569,Billy Bob Thornton
2570,Bill O Reilly
2571,Ben Johnson
2572,Ben Johnson
2573,Ashley Graham
2574,Anna Paquin
2575,Amy Adams
2576,Alan Alda
2577,Ben Johnson
2578,Ben Johnson
2579,Ben Johnson
2580,Anna Sui
2581,Anna Sui
2582,Ashton Kutcher
2583,Audrey Hepburn
2584,bella thorne
2585,Art Carney
2586,Anna Sui
2587,Bill Daley
2588,Alan Rickman
2589,Anna Sui
2590,Amy Ryan
2591,Anna Sui
2592,Ali Larter
2593,Ben Johnson
2594,Ben Johnson
2595,Adrianne Palicki
2596,Ben Johnson
2597,Anna Paquin
2598,Ben Johnson
2599,Amanda Crew
2600,Amanda Seyfried
2601,Amy Ryan
2602,Anne Hathaway
2603,Anne Baxter
2604,Amanda Seyfried
2605,Ben Johnson
2606,Al Roker
2607,Amy Ryan
2608,bella thorne
2609,Alan Alda
2610,Alec Baldwin
2611,Anna Sui
2612,Ben Johnson
2613,Ben Johnson
2614,Anna Friel
2615,Adriana Lima
2616,Ben Johnson
2617,Anna Paquin
2618,Ben Stiller
2619,Alice Eve
2620,Audrey Hepburn
2621,Andy Garcia
2622,Ben Johnson
2623,Ben Johnson
2624,Ava Gardner
2625,Ben Johnson
2626,Ben Johnson
2627,Anna Sui
2628,Ben Johnson
2629,Beyonce Knowles
2630,Ben Johnson
2631,Ashton Kutcher
2632,Ben Foster
2633,Ben Affleck
2634,Audrey Tautou
2635,Ben Johnson
2636,Anne Baxter
2637,Ben Johnson
2638,Adrien Brody
2639,Ben Johnson
2640,Anna Kendrick
2641,Ben Johnson
2642,Andy Samberg
2643,Andie MacDowell
2644,Audrey Tautou
2645,Anjelica Huston
2646,Alan Rickman
2647,Ben Johnson
2648,Ben Kingsley
2649,Anna Friel
2650,Andie MacDowell
2651,Anna Sui
2652,Barry Pepper
2653,Aaron Taylor-Johnson
2654,Anna Kendrick
2655,bella thorne
2656,Ben Johnson
2657,Ali Larter
2658,Barbra Streisand
2659,Anjelica Huston
2660,Anna Friel
2661,Ben Johnson
2662,Alx James
2663,Alessandra Ambrosio
2664,Amy Adams
2665,Ali Larter
2666,Beyonce Knowles
2667,Ben Johnson
2668,Anna Sui
2669,Bill Murray
2670,Amy Ryan
2671,Anna Paquin
2672,Anna Sui
2673,Alan Arkin
2674,Ben Johnson
2675,Ben Foster
2676,Alan Rickman
2677,Alessandra Ambrosio
2678,Anderson Cooper
2679,Albert Finney
2680,Adam Sandler
2681,Berenice Bejo
2682,Ben Johnson
2683,Ashley Graham
2684,Ben Johnson
2685,Anna Sui
2686,Anna Paquin
2687,Alexis Thorpe
2688,Bill O Reilly
2689,Ben Johnson
2690,Bill Murray
2691,Annette Bening
2692,Ben Johnson
2693,Ben Johnson
2694,Ben Johnson
2695,Berenice Bejo
2696,Ashley Graham
2697,Ben Foster
2698,Ben Johnson
2699,Anna Sui
2700,Ben Johnson
2701,Aaron Paul
2702,Ashton Kutcher
2703,Ben Johnson
2704,Anne Baxter
2705,Alicia Vikander
2706,Amanda Peet
2707,Ben Johnson
2708,Ben Affleck
2709,Bill Paxton
2710,Ben Johnson
2711,Adele
2712,Ava Gardner
2713,Anthony Mackie
2714,Amanda Seyfried
2715,Ben Johnson
2716,Adrianne Palicki
2717,Anna Sui
2718,Anna Sui
2719,Ben Johnson
2720,Abigail Breslin
2721,Anne Bancroft
2722,Bette Midler
2723,Anna Faris
2724,Anne Baxter
2725,Ben Johnson
2726,Ben Johnson
2727,Benedict Cumberbatch
2728,Ben Johnson
2729,Ben Johnson
2730,Amy Ryan
2731,Alec Baldwin
2732,Adriana Barraza
2733,Ben Foster
2734,Amy Ryan
2735,Ben Johnson
2736,Ben Johnson
2737,Anjelica Huston
2738,Amanda Peet
2739,Ben Johnson
2740,Amanda Seyfried
2741,Bill Daley
2742,Benjamin Bratt
2743,Amanda Seyfried
2744,Bill Murray
2745,Bill Hader
2746,Ava Gardner
2747,Audrey Hepburn
2748,Abigail Breslin
2749,Al Roker
2750,Audrey Hepburn
2751,Anna Friel
2752,Andy Samberg
2753,Ben Johnson
2754,Abigail Breslin
2755,Ben Johnson
2756,Adriana Lima
2757,Bella Hadid
2758,Bill Daley
2759,Ben Johnson
2760,Ben Johnson
2761,Bill Paxton
2762,Ben Johnson
2763,Anna Sui
2764,Anna Friel
2765,Amber Heard
2766,Angela Bassett
2767,Ali Larter
2768,Bernie Mac
2769,Anna Sui
2770,Ben Johnson
2771,Andy Serkis
2772,Al Pacino
2773,Ben Johnson
2774,Anne Bancroft
2775,Ava Gardner
2776,Amy Adams
2777,Ben Johnson
2778,Alex Pettyfer
2779,Aaron Paul
2780,Anna Sui
2781,Ben Affleck
2782,Barry Pepper
2783,Audrey Tautou
2784,Ben Johnson
2785,Barabara Palvin
2786,Alexis Thorpe
2787,Amy Adams
2788,Ben Johnson
2789,Alexis Thorpe
2790,Anna Sui
2791,Ben Johnson
2792,Amy Ryan
2793,Amy Ryan
2794,Amber Heard
2795,Bill Daley
2796,Anna Sui
2797,Anne Hathaway
2798,Andie MacDowell
2799,Art Carney
2800,Andy Serkis
2801,Abigail Breslin
2802,Amy Ryan
2803,Ben Johnson
2804,Anna Friel
2805,Andy Samberg
2806,Akemi Darenogare
2807,Ben Johnson
2808,Ben Johnson
2809,Amy Ryan
2810,Aaron Paul
2811,Ashley Judd
2812,Andy Murray
2813,Amy Ryan
2814,Al Pacino
2815,Amanda Peet
2816,Andy Murray
2817,Ali Larter
2818,Aaron Judge
2819,Anna Sui
2820,Ben Johnson
2821,Ben Johnson
2822,Ben Johnson
2823,Alan Arkin
2824,Angelina Jolie
2825,Ben Johnson
2826,Andy Murray
2827,Amy Ryan
2828,Ben Johnson
2829,Ben Johnson
2830,Bill Paxton
2831,Alan Rickman
2832,Ben Johnson
2833,Ben Johnson
2834,Anna Paquin
2835,Amanda Seyfried
2836,bella thorne
2837,Alexandra Daddario
2838,Ben Johnson
2839,Ben Johnson
2840,Bill Murray
2841,Ben Johnson
2842,Anjelica Huston
2843,Andrew Luck
2844,Andy Garcia
2845,Alec Baldwin
2846,Andrew Garfield
2847,Anna Sui
2848,Anna Kendrick
2849,Alicia Vikander
2850,Anna Sui
2851,Anna Sui
2852,Bill Murray
2853,Andy Murray
2854,Ben Johnson
2855,Amy Ryan
2856,Albert Finney
2857,Amanda Peet
2858,Berenice Bejo
2859,Andrew Luck
2860,Amanda Bynes
2861,Albert Brooks
2862,Andreea Diaconu
2863,Amanda Seyfried
2864,Amy Adams
2865,Ben Johnson
2866,Alexander Skarsgard
2867,Andrew Garfield
2868,Ashton Kutcher
2869,Ben Johnson
2870,Bill Daley
2871,Ben Johnson
2872,Beyonce Knowles
2873,Berenice Bejo
2874,Ben Johnson
2875,Ben Johnson
2876,Anderson Cooper
2877,Bella Hadid
2878,AnnaSophia Robb
2879,Ben Johnson
2880,Benedict Cumberbatch
2881,Andie MacDowell
2882,Ashley Graham
2883,Barabara Palvin
2884,Ben Johnson
2885,Audrey Hepburn
2886,Art Carney
2887,Barry Pepper
2888,Ashton Kutcher
2889,Ben Johnson
2890,Akemi Darenogare
2891,Alessandra Ambrosio
2892,Ava Gardner
2893,Benedict Cumberbatch
2894,Amy Schumer
2895,Ben Foster
2896,Anna Sui
2897,Adriana Lima
2898,Adrien Brody
2899,Ben Johnson
2900,Ben Johnson
2901,Ben Johnson
2902,Amy Ryan
2903,Ben Johnson
2904,Andrew Luck
2905,Art Carney
2906,Arnold Schwarzenegger
2907,Ben Johnson
2908,Anne Baxter
2909,Ben Johnson
2910,Ben Johnson
2911,Amanda Crew
2912,Amanda Seyfried
2913,Barry Pepper
2914,Audrey Hepburn
2915,Adrianne Palicki
2916,Ashley Judd
2917,Amy Ryan
2918,Ava Gardner
2919,Andrew Lincoln
2920,Ben Johnson
2921,Alexander Skarsgard
2922,Barabara Palvin
2923,Anna Paquin
2924,Ben Johnson
2925,Alice Eve
2926,Ben Johnson
2927,Amy Ryan
2928,Amy Adams
2929,Anna Sui
2930,Amy Ryan
2931,Ben Johnson
2932,Ashley Greene
2933,Alice Eve
2934,Albert Finney
2935,Analeigh Tipton
2936,Anna Sui
2937,Ben Johnson
2938,Ben Johnson
2939,Anna Sui
2940,Ben Johnson
2941,Adele
2942,Adam Sandler
2943,Ben Johnson
2944,Antonio Banderas
2945,Alex Pettyfer
2946,Ben Johnson
2947,Ben Johnson
2948,Anthony Mackie
2949,Albert Brooks
2950,Annette Bening
2951,Ben Johnson
2952,Ali Larter
2953,Amanda Crew
2954,Ben Johnson
2955,Barry Pepper
2956,Anna Friel
2957,Ben Johnson
2958,Andie MacDowell
2959,Ben Johnson
2960,Ben Johnson
2961,Ben Johnson
2962,Ben Stiller
2963,Alexandra Daddario
2964,Anthony Mackie
2965,Andie MacDowell
2966,Angelina Jolie
2967,Amanda Crew
2968,Ben Johnson
2969,Aaron Taylor-Johnson
2970,Anna Sui
2971,Barbra Streisand
2972,Ben Johnson
2973,Ben Johnson
2974,Beyonce Knowles
2975,Benjamin Bratt
2976,Benicio Del Toro
2977,Ashton Kutcher
2978,Ben Johnson
2979,Anna Faris
2980,Amy Adams
2981,Alan Alda
2982,Ben Foster
2983,Ashley Judd
2984,Andrew Luck
2985,Ben Johnson
2986,Alan Rickman
2987,Ben Johnson
2988,Ben Foster
2989,bella thorne
2990,Alice Eve
2991,Ben Johnson
2992,Ben Johnson
2993,Ben Johnson
2994,Aaron Judge
2995,Antonio Banderas
2996,Benedict Cumberbatch
2997,Amanda Peet
2998,Ben Johnson
2999,Ben Johnson
3000,Ben Johnson
3001,Anthony Mackie
3002,Ben Johnson
3003,Ben Johnson
3004,Ben Johnson
3005,Anne Hathaway
3006,Ben Johnson
3007,Ben Johnson
3008,bella thorne
3009,Ben Stiller
3010,Anna Sui
3011,Adriana Lima
3012,Bill Pullman
3013,Ben Johnson
3014,Bill Paxton
3015,Ashley Judd
3016,Anthony Mackie
3017,Amy Ryan
3018,Ben Johnson
3019,Abigail Breslin
3020,Ben Johnson
3021,Angela Bassett
3022,Aaron Judge
3023,Ashley Judd
3024,Bill O Reilly
3025,Anne Hathaway
3026,Amanda Bynes
3027,Ben Johnson
3028,Annette Bening
3029,Ben Johnson
3030,Ben Johnson
3031,Bill Daley
3032,Anjelica Huston
3033,Barbra Streisand
3034,Annette Bening
3035,Ben Johnson
3036,Bill Pullman
3037,Bella Hadid
3038,Anjelica Huston
3039,Ben Johnson
3040,Bill Pullman
3041,Ben Johnson
3042,Anna Sui
3043,Amanda Peet
3044,Ben Johnson
3045,Anne Bancroft
3046,Ben Johnson
3047,Adriana Lima
3048,Amber Heard
3049,Ben Johnson
3050,Amy Ryan
3051,Amy Ryan
3052,Anderson Cooper
3053,Anna Sui
3054,Ben Johnson
3055,Bette Midler
3056,Ben Johnson
3057,Amanda Crew
3058,Bill Murray
3059,Ben Johnson
3060,Amanda Crew
3061,Andrew Lincoln
3062,Bill Paxton
3063,Amy Schumer
3064,Audrey Tautou
3065,Ben Johnson
3066,Anna Sui
3067,Ben Johnson
3068,Andrew Luck
3069,Bill Paxton
3070,Benedict Cumberbatch
3071,Amy Ryan
3072,Ashley Judd
3073,Anna Sui
3074,Anne Baxter
3075,Bella Hadid
3076,Ben Johnson
3077,Anna Sui
3078,Albert Brooks
3079,Ashton Kutcher
3080,Amy Ryan
3081,Anna Kendrick
3082,Ben Johnson
3083,Bill O Reilly
3084,Amy Schumer
3085,Arnold Schwarzenegger
3086,Benedict Cumberbatch
3087,Anna Sui
3088,Ben Johnson
3089,Ashton Kutcher
3090,Bette Midler
3091,Anne Bancroft
3092,Anna Sui
3093,Ben Johnson
3094,Adele
3095,Benjamin Bratt
3096,Amy Adams
3097,Ben Johnson
3098,Ashley Greene
3099,Ashley Judd
3100,Anna Faris
3101,Ben Foster
3102,Amanda Peet
3103,Albert Finney
3104,Ashton Kutcher
3105,Alessandra Ambrosio
3106,Anna Paquin
3107,Ben Johnson
3108,Beyonce Knowles
3109,Beyonce Knowles
3110,Anna Faris
3111,Ben Johnson
3112,Bill Murray
3113,Ben Johnson
3114,Anna Sui
3115,Amy Ryan
3116,Anthony Perkins
3117,Ben Johnson
3118,Anna Sui
3119,Ben Johnson
3120,bella thorne
3121,Ben Johnson
3122,Alessandra Ambrosio
3123,Ben Foster
3124,Adrianne Palicki
3125,Anthony Perkins
3126,Amy Adams
3127,Ben Johnson
3128,Benjamin Bratt
3129,Anna Sui
3130,Audrey Tautou
3131,Ben Johnson
3132,Ben Johnson
3133,Adrien Brody
3134,bella thorne
3135,Amy Adams
3136,Ben Johnson
3137,Anna Sui
3138,Andrew Lincoln
3139,Ben Johnson
3140,Anne Bancroft
3141,Anjelica Huston
3142,Ben Johnson
3143,Alx James
3144,Aaron Taylor-Johnson
3145,Ben Johnson
3146,Anna Sui
3147,Ben Johnson
3148,Ben Johnson
3149,Beyonce Knowles
3150,Ben Johnson
3151,Ava Gardner
3152,Anne Baxter
3153,Ben Johnson
3154,bella thorne
3155,Aaron Paul
3156,Ashton Kutcher
3157,Bernie Mac
3158,Ben Johnson
3159,Akemi Darenogare
3160,Ben Johnson
3161,Ben Johnson
3162,Ben Johnson
3163,Ben Johnson
3164,Andy Murray
3165,Anthony Hopkins
3166,Anthony Mackie
3167,Anna Friel
3168,Ben Johnson
3169,Billy Bob Thornton
3170,Ben Johnson
3171,Ashley Greene
3172,Amy Ryan
3173,Berenice Bejo
3174,Anne Baxter
3175,Andreea Diaconu
3176,Audrey Hepburn
3177,Anna Sui
3178,Amanda Crew
3179,Ben Johnson
3180,Ben Johnson
3181,Audrey Hepburn
3182,Ben Johnson
3183,Benjamin Bratt
3184,Amy Ryan
3185,Andie MacDowell
3186,Ben Affleck
3187,Anna Sui
3188,Amy Schumer
3189,Aaron Judge
3190,Amy Adams
3191,Ben Johnson
3192,Beyonce Knowles
3193,Ben Johnson
3194,Andy Garcia
3195,Ben Johnson
3196,Adriana Barraza
3197,Bill Hader
3198,Ben Johnson
3199,Ben Johnson
3200,Albert Finney
3201,Ben Johnson
3202,AnnaSophia Robb
3203,Angelina Jolie
3204,Anna Sui
3205,Benedict Cumberbatch
3206,Amy Adams
3207,Amber Heard
3208,Ben Affleck
3209,Ava Gardner
3210,Andrew Luck
3211,Amy Ryan
3212,Ben Johnson
3213,Bill Paxton
3214,Ben Johnson
3215,Bella Hadid
3216,Anna Sui
3217,Albert Brooks
3218,Ben Johnson
3219,Anna Sui
3220,Ashton Kutcher
3221,Ben Johnson
3222,Bill Hader
3223,Andrew Lincoln
3224,Ben Johnson
3225,Andy Murray
3226,Ashley Judd
3227,Ben Johnson
3228,Anna Kendrick
3229,Benicio Del Toro
3230,Barbra Streisand
3231,Benicio Del Toro
3232,Ben Johnson
3233,Bill Pullman
3234,Benedict Cumberbatch
3235,Art Carney
3236,Amy Ryan
3237,Audrey Hepburn
3238,Bill Daley
3239,Albert Finney
3240,Adrien Brody
3241,Alice Eve
3242,Anna Friel
3243,Bill Murray
3244,Benedict Cumberbatch
3245,Anderson Cooper
3246,Andy Garcia
3247,Ben Johnson
3248,Audrey Tautou
3249,Akemi Darenogare
3250,Alice Eve
3251,Amy Ryan
3252,Andrew Garfield
3253,Amanda Seyfried
3254,Bill Daley
3255,Ben Stiller
3256,Alexandra Daddario
3257,Adriana Lima
3258,Anne Baxter
3259,Ben Johnson
3260,Ben Stiller
3261,Alex Pettyfer
3262,Alec Baldwin
3263,Anna Sui
3264,Amanda Crew
3265,Ben Johnson
3266,Anna Sui
3267,Andy Garcia
3268,Ben Johnson
3269,Andrew Lincoln
3270,Ashton Kutcher
3271,Ben Johnson
3272,Ben Johnson
3273,Anne Hathaway
3274,Bill O Reilly
3275,Al Pacino
3276,Amanda Peet
3277,Aaron Judge
3278,Ben Johnson
3279,Ben Johnson
3280,Ben Johnson
3281,Andy Murray
3282,Amy Schumer
3283,Bill Rancic
3284,Ava Gardner
3285,Anthony Hopkins
3286,Ben Johnson
3287,Ben Johnson
3288,Ben Johnson
3289,Ben Johnson
3290,Alexandra Daddario
3291,Angelina Jolie
3292,Anna Sui
3293,Ashley Greene
3294,Ben Johnson
3295,Ben Johnson
3296,Anne Hathaway
3297,Amy Ryan
3298,Andrew Lincoln
3299,Ben Johnson
3300,Bill Murray
3301,Anna Kendrick
3302,Ben Johnson
3303,Ben Johnson
3304,Adele
3305,Ben Johnson
3306,Amanda Crew
3307,Adele
3308,Benicio Del Toro
3309,Ben Johnson
3310,Amy Schumer
3311,Anna Kendrick
3312,Ben Johnson
3313,Al Roker
3314,Ben Johnson
3315,Anna Sui
3316,Ashley Judd
3317,Anna Sui
3318,Ben Johnson
3319,Ben Johnson
3320,Ben Johnson
3321,Analeigh Tipton
3322,Anna Sui
3323,Angelina Jolie
3324,Amanda Bynes
3325,Amanda Peet
3326,Bill Paxton
3327,Ali Larter
3328,bella thorne
3329,Audrey Hepburn
3330,Bill O Reilly
3331,Ben Johnson
3332,Audrey Hepburn
3333,Al Roker
3334,Andie MacDowell
3335,Ben Johnson
3336,Amanda Crew
3337,Annette Bening
3338,Bill Paxton
3339,Ben Johnson
3340,Aaron Paul
3341,Beyonce Knowles
3342,Ben Johnson
3343,Adrien Brody
3344,Beyonce Knowles
3345,bella thorne
3346,Ben Johnson
3347,Ben Johnson
3348,Ben Foster
3349,Anne Hathaway
3350,Adele
3351,Audrey Hepburn
3352,Anna Kendrick
3353,Andy Garcia
3354,Amanda Seyfried
3355,Antonio Banderas
3356,Alexandra Daddario
3357,Ben Johnson
3358,Ava Gardner
3359,Anna Sui
3360,Anna Faris
3361,Ben Johnson
3362,Alexandra Daddario
3363,Anthony Hopkins
3364,Alice Eve
3365,Audrey Hepburn
3366,Ben Johnson
3367,Angelina Jolie
3368,Anna Sui
3369,Andy Serkis
3370,Benjamin Bratt
3371,Aaron Paul
3372,Al Roker
3373,Ben Johnson
3374,Aaron Judge
3375,Benicio Del Toro
3376,Anne Baxter
3377,Ben Johnson
3378,Ben Johnson
3379,Ben Johnson
3380,Andy Murray
3381,Anne Baxter
3382,Ben Johnson
3383,Anne Hathaway
3384,Andrew Lincoln
3385,Bill Rancic
3386,Andreea Diaconu
3387,Anthony Hopkins
3388,Anna Paquin
3389,Amber Heard
3390,Ashley Greene
3391,Ashley Greene
3392,Bill Murray
3393,Anna Sui
3394,Ben Johnson
3395,Bill Paxton
3396,Anne Baxter
3397,Amber Heard
3398,Bill Murray
3399,Bill Paxton
3400,Ben Johnson
3401,Ben Johnson
3402,Ben Johnson
3403,Bill O Reilly
3404,Anna Sui
3405,Ben Johnson
3406,Andreea Diaconu
3407,Ashley Judd
3408,Benicio Del Toro
3409,Andy Serkis
3410,Anna Sui
3411,Ben Johnson
3412,Amanda Peet
3413,Ali Larter
3414,Audrey Hepburn
3415,Amy Schumer
3416,Ben Johnson
3417,Berenice Bejo
3418,Beyonce Knowles
3419,Ben Johnson
3420,Bill Daley
3421,Anna Sui
3422,Ben Johnson
3423,Anthony Perkins
3424,Benicio Del Toro
3425,Ben Foster
3426,Ben Johnson
3427,Amy Ryan
3428,Ben Kingsley
3429,Alessandra Ambrosio
3430,Abigail Breslin
3431,Anna Sui
3432,Anna Sui
3433,Amanda Crew
3434,Ben Foster
3435,Ben Johnson
3436,Bill Paxton
3437,Ben Johnson
3438,Beyonce Knowles
3439,Alexis Thorpe
3440,Alexandra Daddario
3441,Alice Eve
3442,Ben Johnson
3443,Ashton Kutcher
3444,Ben Johnson
3445,Andy Murray
3446,Ben Johnson
3447,Anna Sui
3448,Aaron Paul
3449,Ben Stiller
3450,Al Roker
3451,Ben Johnson
3452,Ben Foster
3453,Ben Johnson
3454,Amy Ryan
3455,Ashley Judd
3456,Ben Johnson
3457,Benjamin Bratt
3458,Ben Johnson
3459,Ben Johnson
3460,Ava Gardner
3461,Angela Bassett
3462,Andy Garcia
3463,Adrianne Palicki
3464,Bill Pullman
3465,Anjelica Huston
3466,Al Pacino
3467,Andy Samberg
3468,Adrianne Palicki
3469,Ben Johnson
3470,Benjamin Bratt
3471,Ben Johnson
3472,Andie MacDowell
3473,Aaron Paul
3474,Akemi Darenogare
3475,Angelina Jolie
3476,Ben Johnson
3477,Bette Midler
3478,Bill Murray
3479,Andrew Lincoln
3480,Anna Paquin
3481,Ben Johnson
3482,Ben Johnson
3483,Ben Johnson
3484,Adam Sandler
3485,Adriana Barraza
3486,Ben Johnson
3487,Andy Serkis
3488,Bette Midler
3489,Ben Johnson
3490,Analeigh Tipton
3491,Andreea Diaconu
3492,Alec Baldwin
3493,Amy Ryan
3494,Ben Johnson
3495,Adriana Lima
3496,Ben Johnson
3497,Anna Paquin
3498,Alexis Thorpe
3499,Anjelica Huston
3500,Ben Johnson
3501,Ben Johnson
3502,Ben Johnson
3503,Anthony Perkins
3504,Ben Johnson
3505,Amy Ryan
3506,Ben Kingsley
3507,Anjelica Huston
3508,Ashton Kutcher
3509,Ben Johnson
3510,Abigail Breslin
3511,Art Carney
3512,Ben Johnson
3513,Ben Johnson
3514,Alan Rickman
3515,Ben Johnson
3516,Amy Adams
3517,Angela Bassett
3518,Anna Friel
3519,Andy Murray
3520,Alx James
3521,Ben Johnson
3522,Ben Johnson
3523,Alexandra Daddario
3524,Andrew Luck
3525,Anne Baxter
3526,Ben Johnson
3527,Ben Johnson
3528,Benicio Del Toro
3529,Anna Sui
3530,Anna Kendrick
3531,Amy Schumer
3532,Ben Johnson
3533,Anna Sui
3534,Antonio Banderas
3535,Ben Johnson
3536,Andy Serkis
3537,Ben Johnson
3538,Angela Bassett
3539,Ben Johnson
3540,Alexis Thorpe
3541,Amy Ryan
3542,Audrey Hepburn
3543,Bill O Reilly
3544,Betty White
3545,Ashley Judd
3546,Alan Alda
3547,Ben Johnson
3548,Bill Rancic
3549,Betty White
3550,Ben Johnson
3551,Alicia Vikander
3552,Benicio Del Toro
3553,Anna Sui
3554,Amber Heard
3555,Adrianne Palicki
3556,Akemi Darenogare
3557,Ben Johnson
3558,Amy Ryan
3559,Ben Johnson
3560,Anna Paquin
3561,Anthony Hopkins
3562,Billy Bob Thornton
3563,Annette Bening
3564,Amy Ryan
3565,Ben Johnson
3566,Betty White
3567,Ben Foster
3568,Ben Johnson
3569,Anne Baxter
3570,Anna Sui
3571,Ben Johnson
3572,Anjelica Huston
3573,Ben Johnson
3574,Anna Sui
3575,Alicia Vikander
3576,Anne Hathaway
3577,Ben Johnson
3578,Andrew Luck
3579,Ben Johnson
3580,Anna Sui
3581,Ben Johnson
3582,Ben Johnson
3583,Bill Paxton
3584,Alice Eve
3585,Ben Johnson
3586,Alan Rickman
3587,Ashley Greene
3588,Ben Johnson
3589,Ben Johnson
3590,Ashton Kutcher
3591,Alicia Vikander
3592,Ben Johnson
3593,Ashton Kutcher
3594,Aaron Judge
3595,Ben Johnson
3596,Andy Garcia
3597,Ben Johnson
3598,Ben Johnson
3599,Adam Sandler
3600,Alessandra Ambrosio
3601,Alexander Skarsgard
3602,Benedict Cumberbatch
3603,Adriana Lima
3604,Amy Ryan
3605,Ashton Kutcher
3606,Amy Ryan
3607,Abigail Breslin
3608,Amy Ryan
3609,Anjelica Huston
3610,Ben Johnson
3611,Amanda Crew
3612,Ben Johnson
3613,Ashton Kutcher
3614,Bette Midler
3615,Ashley Judd
3616,Beyonce Knowles
3617,Alice Eve
3618,Ben Johnson
3619,Ben Johnson
3620,Ben Foster
3621,Amanda Crew
3622,Amy Adams
3623,Ben Johnson
3624,Ben Johnson
3625,Ben Johnson
3626,bella thorne
3627,Amy Ryan
3628,Alessandra Ambrosio
3629,Andie MacDowell
3630,Betty White
3631,Ashton Kutcher
3632,Anna Sui
3633,Bella Hadid
3634,Angelina Jolie
3635,Alec Baldwin
3636,Bernie Mac
3637,Barabara Palvin
3638,Al Roker
3639,Bill O Reilly
3640,Anna Sui
3641,Ashton Kutcher
3642,Ben Stiller
3643,Anna Kendrick
3644,Amanda Peet
3645,Barbra Streisand
3646,Ben Johnson
3647,Anne Hathaway
3648,Ben Johnson
3649,Albert Brooks
3650,Art Carney
3651,Ben Johnson
3652,Ben Johnson
3653,Analeigh Tipton
3654,Ben Johnson
3655,Anderson Cooper
3656,Antonio Banderas
3657,Alexis Thorpe
3658,Andrew Garfield
3659,Ben Johnson
3660,Bill Rancic
3661,Anthony Perkins
3662,Aaron Taylor-Johnson
3663,Anna Sui
3664,Bill Daley
3665,Albert Finney
3666,Adriana Barraza
3667,Ben Johnson
3668,Anna Sui
3669,Bill Daley
3670,Ava Gardner
3671,Ben Johnson
3672,Audrey Tautou
3673,Bill Pullman
3674,Ali Larter
3675,Andrew Luck
3676,AnnaSophia Robb
3677,Arnold Schwarzenegger
3678,Benicio Del Toro
3679,Audrey Hepburn
3680,Ben Johnson
3681,Ben Johnson
3682,Anna Sui
3683,Bill Daley
3684,Ben Johnson
3685,Bill Daley
3686,Ava Gardner
3687,Ben Affleck
3688,Amy Schumer
3689,Anna Sui
3690,Bill Paxton
3691,Alice Eve
3692,Benedict Cumberbatch
3693,Anna Sui
3694,Adrianne Palicki
3695,Barabara Palvin
3696,Ben Johnson
3697,Ben Johnson
3698,Ben Johnson
3699,Amanda Seyfried
3700,Andie MacDowell
3701,Andreea Diaconu
3702,Anna Sui
3703,Ben Johnson
3704,Anna Sui
3705,Anderson Cooper
3706,Ben Johnson
3707,Art Carney
3708,Amy Ryan
3709,Barry Pepper
3710,Arnold Schwarzenegger
3711,Anderson Cooper
3712,Ben Stiller
3713,Anne Baxter
3714,Betty White
3715,Benedict Cumberbatch
3716,Ashley Graham
3717,Ashley Judd
3718,Alessandra Ambrosio
3719,Ben Affleck
3720,Ben Kingsley
3721,Ben Johnson
3722,bella thorne
3723,Anderson Cooper
3724,Anderson Cooper
3725,Ben Johnson
3726,Ben Johnson
3727,Aaron Paul
3728,Ben Johnson
3729,Ben Johnson
3730,Bella Hadid
3731,Anna Sui
3732,Amanda Crew
3733,Anna Friel
3734,Billy Bob Thornton
3735,Ben Johnson
3736,Betty White
3737,Andreea Diaconu
3738,Amanda Seyfried
3739,Ben Johnson
3740,Anna Sui
3741,Ashley Judd
3742,Ben Johnson
3743,Aaron Taylor-Johnson
3744,Anna Sui
3745,Ben Foster
3746,Bella Hadid
3747,Ben Johnson
3748,Amanda Seyfried
3749,Ben Johnson
3750,Alx James
3751,Anderson Cooper
3752,Ben Johnson
3753,Alan Arkin
3754,Amy Adams
3755,Ben Johnson
3756,Amy Ryan
3757,Bill Rancic
3758,Ashley Judd
3759,Anna Sui
3760,Ashton Kutcher
3761,Beyonce Knowles
3762,Alan Alda
3763,Ben Johnson
3764,Ashley Graham
3765,Anna Paquin
3766,Ben Johnson
3767,Ben Affleck
3768,Anna Sui
3769,Anna Friel
3770,Ben Johnson
3771,Ben Johnson
3772,Andrew Luck
3773,Ben Johnson
3774,Ben Johnson
3775,Bill Daley
3776,Anna Paquin
3777,Ben Johnson
3778,Anna Friel
3779,Anna Sui
3780,Ben Johnson
3781,Alexandra Daddario
3782,Anna Paquin
3783,Ben Kingsley
3784,Ben Johnson
3785,Anne Bancroft
3786,Ben Johnson
3787,Ben Johnson
3788,Ben Johnson
3789,Ben Johnson
3790,Ben Johnson
3791,Ben Johnson
3792,Ben Johnson
3793,Adriana Lima
3794,Amy Ryan
3795,Ben Stiller
3796,Ben Johnson
3797,Andy Samberg
3798,Alan Rickman
3799,Anna Sui
3800,Barabara Palvin
3801,Amber Heard
3802,Anna Sui
3803,Amy Schumer
3804,Benjamin Bratt
3805,Bill Hader
3806,Analeigh Tipton
3807,Amy Adams
3808,Andrew Lincoln
3809,Ashley Judd
3810,Akemi Darenogare
3811,Ali Larter
3812,Ben Affleck
3813,Ben Johnson
3814,Adriana Barraza
3815,Ava Gardner
3816,Anna Sui
3817,Amanda Crew
3818,Alec Baldwin
3819,Anna Sui
3820,Bill Hader
3821,Ben Johnson
3822,Ben Foster
3823,Ben Johnson
3824,Ben Johnson
3825,Bill Hader
3826,Anna Sui
3827,Ben Johnson
3828,Ben Johnson
3829,Anne Hathaway
3830,Ava Gardner
3831,Ben Johnson
3832,Alexander Skarsgard
3833,Alexandra Daddario
3834,Barry Pepper
3835,Bernie Mac
3836,Bill O Reilly
3837,Ben Johnson
3838,Ben Johnson
3839,Bill Daley
3840,Andie MacDowell
3841,Amber Heard
3842,Ben Johnson
3843,Ben Johnson
3844,Ben Affleck
3845,Andreea Diaconu
3846,Ashton Kutcher
3847,Alex Pettyfer
3848,Audrey Hepburn
3849,Ben Foster
3850,Adam Sandler
3851,bella thorne
3852,Ben Johnson
3853,Ben Johnson
3854,Ben Johnson
3855,Ben Johnson
3856,Anthony Perkins
3857,Anna Sui
3858,Aaron Taylor-Johnson
3859,Al Roker
3860,AnnaSophia Robb
3861,Ben Johnson
3862,Ben Johnson
3863,Andrew Lincoln
3864,Anna Sui
3865,bella thorne
3866,Alec Baldwin
3867,Bill Murray
3868,Ben Stiller
3869,Anna Friel
3870,Andy Garcia
3871,Bella Hadid
3872,Anderson Cooper
3873,Anna Kendrick
3874,bella thorne
3875,Beyonce Knowles
3876,Anna Sui
3877,Armin Mueller-Stahl
3878,Albert Finney
3879,Adrianne Palicki
3880,Alan Alda
3881,Ben Johnson
3882,Ben Johnson
3883,Anne Baxter
3884,Ben Johnson
3885,Abigail Breslin
3886,Ashton Kutcher
3887,Anne Bancroft
3888,Amy Adams
3889,Ashton Kutcher
3890,Amy Adams
3891,Ben Johnson
3892,Amy Ryan
3893,Ben Johnson
3894,Anna Sui
3895,Ben Johnson
3896,Benicio Del Toro
3897,Ben Johnson
3898,Adrien Brody
3899,Ben Johnson
3900,Anna Sui
3901,Anna Sui
3902,Ben Johnson
3903,Ali Larter
3904,Bella Hadid
3905,Anna Sui
3906,Ben Johnson
3907,Ben Foster
3908,Albert Finney
3909,Anna Sui
3910,Anthony Mackie
3911,Abigail Breslin
3912,bella thorne
3913,Anna Kendrick
3914,Andy Samberg
3915,Bill Murray
3916,Adriana Lima
3917,Anna Paquin
3918,Anna Sui
3919,Andrew Luck
3920,Ben Johnson
3921,Anna Sui
3922,Andy Garcia
3923,Aaron Judge
3924,Benedict Cumberbatch
3925,Amy Schumer
3926,Al Pacino
3927,Ben Johnson
3928,Amy Ryan
3929,Alx James
3930,Ben Johnson
3931,Anna Paquin
3932,Alicia Vikander
3933,Ben Johnson
3934,Ashley Greene
3935,Ben Johnson
3936,Alan Arkin
3937,Ava Gardner
3938,Anthony Mackie
3939,Ben Johnson
3940,Anna Sui
3941,Ben Johnson
3942,Alx James
3943,Amy Adams
3944,Anna Sui
3945,Ben Johnson
3946,Alan Rickman
3947,Al Pacino
3948,Anne Baxter
3949,Akemi Darenogare
3950,Ben Johnson
3951,Alessandra Ambrosio
3952,Anna Sui
3953,Ben Kingsley
3954,Art Carney
3955,Alexander Skarsgard
3956,Andy Samberg
3957,Angela Bassett
3958,Amanda Crew
3959,Abigail Breslin
3960,bella thorne
3961,Ava Gardner
3962,Anthony Hopkins
3963,Amanda Crew
3964,Aaron Judge
3965,Albert Finney
3966,Berenice Bejo
3967,Amanda Seyfried
3968,Ben Johnson
3969,Anjelica Huston
3970,Berenice Bejo
3971,Benjamin Bratt
3972,Andy Serkis
3973,Bill Murray
3974,Bill Paxton
3975,Ben Stiller
3976,Anna Sui
3977,Albert Finney
3978,Anna Paquin
3979,Ben Affleck
3980,Anna Sui
3981,AnnaSophia Robb
3982,Anne Baxter
3983,Betty White
3984,Amanda Crew
3985,Aaron Judge
3986,Amber Heard
3987,Alan Rickman
3988,Alx James
3989,Ben Johnson
3990,Alessandra Ambrosio
3991,Anne Bancroft
3992,Ben Kingsley
3993,Anna Paquin
3994,Betty White
3995,Ashley Judd
3996,Amanda Crew
3997,Amy Ryan
3998,Ben Johnson
3999,Ali Larter
4000,Anna Paquin
4001,Amanda Peet
4002,Alan Alda
4003,Anna Sui
4004,Ben Johnson
4005,Adriana Barraza
4006,Amy Adams
4007,Bill Murray
4008,Ben Johnson
4009,Alexander Skarsgard
4010,Akemi Darenogare
4011,Adrien Brody
4012,Ben Johnson
4013,Audrey Hepburn
4014,bella thorne
4015,Anthony Mackie
4016,Anna Paquin
4017,Barry Pepper
4018,Ben Johnson
4019,Ben Johnson
4020,Arnold Schwarzenegger
4021,Anna Sui
4022,bella thorne
4023,Anne Bancroft
4024,Amy Ryan
4025,Amy Ryan
4026,Anjelica Huston
4027,Ben Johnson
4028,Amanda Bynes
4029,Anna Sui
4030,Ben Johnson
4031,Ben Johnson
4032,Ben Johnson
4033,Ben Foster
4034,Ben Johnson
4035,Ben Johnson
4036,Ben Foster
4037,Aaron Judge
4038,Anna Paquin
4039,Ben Johnson
4040,Alexandra Daddario
4041,Anna Sui
4042,Art Carney
4043,Anna Sui
4044,Anne Bancroft
4045,Amy Ryan
4046,Alx James
4047,Ben Johnson
4048,Alx James
4049,Ben Johnson
4050,Billy Bob Thornton
4051,Adrien Brody
4052,Anthony Hopkins
4053,Anna Friel
4054,Bill Paxton
4055,Alexandra Daddario
4056,Benjamin Bratt
4057,Albert Finney
4058,Al Pacino
4059,Ben Foster
4060,Bill Daley
4061,Ben Johnson
4062,Anna Sui
4063,Ashley Greene
4064,Art Carney
4065,Ben Johnson
4066,Al Pacino
4067,Bill Daley
4068,Ben Foster
4069,Anne Hathaway
4070,Alexandra Daddario
4071,Barry Pepper
4072,Andreea Diaconu
4073,Al Roker
4074,Andie MacDowell
4075,Amy Schumer
4076,Adriana Barraza
4077,Beyonce Knowles
4078,Amber Heard
4079,Anna Sui
4080,Ben Johnson
4081,Ben Johnson
4082,Barabara Palvin
4083,Bill Paxton
4084,Anna Kendrick
4085,bella thorne
4086,Barabara Palvin
4087,Anna Sui
4088,Anna Paquin
4089,Ben Johnson
4090,Ben Foster
4091,Barabara Palvin
4092,Aaron Taylor-Johnson
4093,Ben Johnson
4094,Albert Brooks
4095,Bill Paxton
4096,Ashley Graham
4097,Andy Samberg
4098,Amber Heard
4099,Bill Paxton
4100,Amy Ryan
4101,Anna Paquin
4102,Alan Alda
4103,Ben Johnson
4104,Bill O Reilly
4105,Adele
4106,Andy Serkis
4107,Anne Hathaway
4108,Andy Garcia
4109,Alx James
4110,Alx James
4111,Anna Sui
4112,Andrew Luck
4113,Barry Pepper
4114,Adriana Lima
4115,Anna Sui
4116,Analeigh Tipton
4117,Beyonce Knowles
4118,Anna Sui
4119,Antonio Banderas
4120,bella thorne
4121,Anna Kendrick
4122,Ben Johnson
4123,Betty White
4124,Anna Sui
4125,Ashton Kutcher
4126,Andreea Diaconu
4127,Ben Johnson
4128,Anna Paquin
4129,Alessandra Ambrosio
4130,Anna Sui
4131,Ben Johnson
4132,Alec Baldwin
4133,Ben Johnson
4134,Arnold Schwarzenegger
4135,Ben Johnson
4136,Andy Murray
4137,Adriana Lima
4138,Ali Larter
4139,Ben Johnson
4140,Berenice Bejo
4141,Anna Sui
4142,Adam Sandler
4143,Beyonce Knowles
4144,Adrien Brody
4145,Ben Johnson
4146,Andrew Lincoln
4147,Ben Johnson
4148,Ben Johnson
4149,Anna Friel
4150,Ava Gardner
4151,Ben Johnson
4152,Alexandra Daddario
4153,Andy Murray
4154,bella thorne
4155,Anna Sui
4156,bella thorne
4157,Adriana Lima
4158,Amanda Bynes
4159,Anna Sui
4160,Ben Johnson
4161,Ashley Graham
4162,Amy Ryan
4163,Anna Sui
4164,Ben Johnson
4165,Ashley Graham
4166,Andy Garcia
4167,Alx James
4168,Anna Sui
4169,Berenice Bejo
4170,Adriana Lima
4171,bella thorne
4172,AnnaSophia Robb
4173,Ben Kingsley
4174,Ashley Judd
4175,Anna Sui
4176,Bella Hadid
4177,Alan Rickman
4178,Barbra Streisand
4179,Barry Pepper
4180,Berenice Bejo
4181,Ben Johnson
4182,Ali Larter
4183,Amy Ryan
4184,Ben Johnson
4185,Bill Paxton
4186,Bill Daley
4187,Barabara Palvin
4188,Bill Daley
4189,Alexandra Daddario
4190,Anna Sui
4191,Ali Larter
4192,Ben Foster
4193,Anna Sui
4194,Ben Johnson
4195,Alexandra Daddario
4196,Bill Daley
4197,Ben Kingsley
4198,Ben Johnson
4199,Anna Sui
4200,Ben Johnson
4201,Betty White
4202,Ali Larter
4203,Alec Baldwin
4204,Anna Sui
4205,Betty White
4206,Ashley Judd
4207,Anthony Hopkins
4208,Ben Johnson
4209,Bill Murray
4210,Ben Johnson
4211,Anthony Hopkins
4212,Bill Hader
4213,Amanda Crew
4214,Ali Larter
4215,Andy Murray
4216,Aaron Taylor-Johnson
4217,Amanda Seyfried
4218,Ben Johnson
4219,Angela Bassett
4220,Alessandra Ambrosio
4221,Audrey Hepburn
4222,Adriana Barraza
4223,Alan Rickman
4224,Ben Johnson
4225,Audrey Hepburn
4226,Abigail Breslin
4227,Bill Daley
4228,Alexandra Daddario
4229,Ali Larter
4230,Ali Larter
4231,Ben Affleck
4232,Ben Affleck
4233,Ben Johnson
4234,Ben Johnson
4235,Arnold Schwarzenegger
4236,Andy Samberg
4237,Ben Johnson
4238,Alicia Vikander
4239,Anthony Hopkins
4240,Ben Johnson
4241,Ben Johnson
4242,Ben Johnson
4243,Barabara Palvin
4244,Beyonce Knowles
4245,Amanda Peet
4246,Andie MacDowell
4247,Ava Gardner
4248,Ben Foster
4249,Akemi Darenogare
4250,Ben Johnson
4251,Andy Murray
4252,Anna Sui
4253,Amy Ryan
4254,Anna Sui
4255,Ben Johnson
4256,Akemi Darenogare
4257,Ben Johnson
4258,Anthony Hopkins
4259,Ben Johnson
4260,bella thorne
4261,Beyonce Knowles
4262,Benjamin Bratt
4263,Anthony Perkins
4264,Annette Bening
4265,Arnold Schwarzenegger
4266,Ben Johnson
4267,Amber Heard
4268,Amanda Seyfried
4269,Ben Johnson
4270,Aaron Judge
4271,Ben Johnson
4272,Angela Bassett
4273,Ben Johnson
4274,Adriana Barraza
4275,Andy Garcia
4276,Betty White
4277,Barbra Streisand
4278,Anna Sui
4279,Bernie Mac
4280,Aaron Taylor-Johnson
4281,Ali Larter
4282,Benjamin Bratt
4283,Anderson Cooper
4284,Adriana Barraza
4285,Ben Foster
4286,Aaron Judge
4287,Ben Johnson
4288,Adele
4289,Ben Johnson
4290,Aaron Judge
4291,Angelina Jolie
4292,Ben Johnson
4293,Amy Ryan
4294,Ashton Kutcher
4295,Ashton Kutcher
4296,Ben Foster
4297,Al Roker
4298,Audrey Hepburn
4299,Anjelica Huston
4300,Anne Baxter
4301,Andrew Garfield
4302,Anna Sui
4303,Anne Baxter
4304,Bill Paxton
4305,Angela Bassett
4306,Anthony Perkins
4307,Alicia Vikander
4308,Barabara Palvin
4309,Ben Johnson
4310,Ashley Graham
4311,Anna Sui
4312,Alex Pettyfer
4313,Ben Stiller
4314,Ali Larter
4315,Ben Johnson
4316,Anthony Mackie
4317,Ben Johnson
4318,Beyonce Knowles
4319,Ben Kingsley
4320,Ben Johnson
4321,Andreea Diaconu
4322,Ben Johnson
4323,Alx James
4324,Ashley Judd
4325,Ben Johnson
4326,Ben Johnson
4327,Anna Kendrick
4328,Andrew Luck
4329,Adam Sandler
4330,Ben Johnson
4331,Aaron Judge
4332,bella thorne
4333,Ben Johnson
4334,Anna Friel
4335,Anna Paquin
4336,Al Pacino
4337,Ben Johnson
4338,Albert Finney
4339,Ben Johnson
4340,Alexis Thorpe
4341,Ben Johnson
4342,Anna Sui
4343,Beyonce Knowles
4344,Ben Johnson
4345,Amy Ryan
4346,Anna Sui
4347,Amber Heard
4348,Anna Sui
4349,Ashton Kutcher
4350,Bill Daley
4351,Betty White
4352,Ben Johnson
4353,Bill Rancic
4354,Ben Johnson
4355,Ben Johnson
4356,Beyonce Knowles
4357,Ben Stiller
4358,Ava Gardner
4359,Adrien Brody
4360,Ben Johnson
4361,Alexandra Daddario
4362,Bill Daley
4363,Angelina Jolie
4364,Anna Sui
4365,Anderson Cooper
4366,Amy Ryan
4367,Barabara Palvin
4368,Andy Samberg
4369,Anjelica Huston
4370,Bill Rancic
4371,Ashley Greene
4372,Bill Hader
4373,Ben Johnson
4374,Anna Sui
4375,Bill Rancic
4376,Amy Ryan
4377,AnnaSophia Robb
4378,Amy Schumer
4379,Angelina Jolie
4380,Alx James
4381,Amy Ryan
4382,Ben Johnson
4383,Anne Hathaway
4384,Ben Johnson
4385,Ben Johnson
4386,Andrew Lincoln
4387,Ben Johnson
4388,Al Pacino
4389,Bill Hader
4390,Amy Ryan
4391,Beyonce Knowles
4392,Adrianne Palicki
4393,Benedict Cumberbatch
4394,Amy Adams
4395,Anthony Hopkins
4396,Andrew Luck
4397,Ben Johnson
4398,Ali Larter
4399,Adrianne Palicki
4400,Ben Johnson
4401,Ben Johnson
4402,Angelina Jolie
4403,Amanda Peet
4404,Betty White
4405,Anna Sui
4406,Amy Ryan
4407,Ben Johnson
4408,Ben Johnson
4409,Aaron Paul
4410,Amber Heard
4411,Anna Sui
4412,Ben Johnson
4413,Amber Heard
4414,Alexandra Daddario
4415,Adrien Brody
4416,Amy Schumer
4417,Adele
4418,Andie MacDowell
4419,Adam Sandler
4420,Alex Pettyfer
4421,Ben Johnson
4422,Ben Foster
4423,Ben Kingsley
4424,Ben Johnson
4425,Anna Sui
4426,Amanda Bynes
4427,Andreea Diaconu
4428,Andreea Diaconu
4429,Andrew Garfield
4430,Ben Foster
4431,Ben Johnson
4432,Ben Johnson
4433,Alec Baldwin
4434,Anna Sui
4435,Anna Sui
4436,Anna Sui
4437,Ben Johnson
4438,Billy Bob Thornton
4439,Ava Gardner
4440,Berenice Bejo
4441,Amy Ryan
4442,Berenice Bejo
4443,Andrew Luck
4444,Akemi Darenogare
4445,Amy Adams
4446,Anthony Hopkins
4447,Ali Larter
4448,Ben Affleck
4449,Ben Johnson
4450,Anne Bancroft
4451,Angela Bassett
4452,Armin Mueller-Stahl
4453,Abigail Breslin
4454,Ashley Judd
4455,Ben Johnson
4456,Ben Johnson
4457,Berenice Bejo
4458,Anna Sui
4459,Bette Midler
4460,Ashley Judd
4461,Ben Johnson
4462,Ben Johnson
4463,Anthony Perkins
4464,Ashton Kutcher
4465,Ben Johnson
4466,Arnold Schwarzenegger
4467,Bill Daley
4468,Ashton Kutcher
4469,Al Roker
4470,Amber Heard
4471,Al Pacino
4472,Ben Johnson
4473,Ashley Graham
4474,Bill Rancic
4475,Amy Ryan
4476,Andy Samberg
4477,Aaron Paul
4478,Ben Johnson
4479,Ben Johnson
4480,Albert Finney
4481,Anna Sui
4482,Andy Samberg
4483,Alan Rickman
4484,Anna Sui
4485,Barabara Palvin
4486,Adrien Brody
4487,bella thorne
4488,Andrew Lincoln
4489,Amanda Bynes
4490,Ben Johnson
4491,Ben Johnson
4492,Andy Samberg
4493,Ashley Graham
4494,Ava Gardner
4495,Adam Sandler
4496,Ben Johnson
4497,Ali Larter
4498,Adele
4499,Adele
4500,Bill Hader
4501,Adele
4502,Al Pacino
4503,Andrew Luck
4504,Ben Johnson
4505,Anne Hathaway
4506,Ben Johnson
4507,Ben Johnson
4508,Anna Sui
4509,Ben Johnson
4510,Alicia Vikander
4511,Amanda Crew
4512,Albert Finney
4513,Andy Garcia
4514,Ali Larter
4515,Ashley Graham
4516,Ben Johnson
4517,Albert Brooks
4518,Andie MacDowell
4519,Angela Bassett
4520,Ashley Judd
4521,Aaron Taylor-Johnson
4522,Ben Johnson
4523,Alexander Skarsgard
4524,Amber Heard
4525,Adele
4526,Ava Gardner
4527,Bella Hadid
4528,Alessandra Ambrosio
4529,Ben Johnson
4530,Adrien Brody
4531,Amanda Peet
4532,Ben Johnson
4533,Ben Johnson
4534,Aaron Taylor-Johnson
4535,Amy Ryan
4536,Bill Daley
4537,Ben Affleck
4538,Ashton Kutcher
4539,Anna Sui
4540,AnnaSophia Robb
4541,Anna Sui
4542,Ashley Judd
4543,Ben Johnson
4544,Ben Johnson
4545,Ben Johnson
4546,Bette Midler
4547,Amanda Seyfried
4548,Andy Samberg
4549,bella thorne
4550,Audrey Tautou
4551,Anna Paquin
4552,Amanda Peet
4553,Barry Pepper
4554,Ben Johnson
4555,Ben Johnson
4556,Audrey Hepburn
4557,Ben Johnson
4558,Andrew Lincoln
4559,Bella Hadid
4560,Ashley Greene
4561,Barabara Palvin
4562,Amanda Crew
4563,Amy Schumer
4564,Ben Johnson
4565,bella thorne
4566,Bella Hadid
4567,Ashley Graham
4568,Ashton Kutcher
4569,Bill Daley
4570,Amy Ryan
4571,Akemi Darenogare
4572,Alessandra Ambrosio
4573,Bernie Mac
4574,Andy Serkis
4575,Andie MacDowell
4576,Analeigh Tipton
4577,Anna Sui
4578,Andrew Luck
4579,Ashley Graham
4580,Ben Johnson
4581,Ben Johnson
4582,Barbra Streisand
4583,Berenice Bejo
4584,Anna Paquin
4585,Amy Adams
4586,Angelina Jolie
4587,Ben Johnson
4588,Ali Larter
4589,Ava Gardner
4590,Ava Gardner
4591,Angela Bassett
4592,Alec Baldwin
4593,Anna Sui
4594,Amanda Seyfried
4595,Anna Sui
4596,Alx James
4597,Anna Sui
4598,Bill Murray
4599,Ben Johnson
4600,Alx James
4601,Aaron Paul
4602,Ben Johnson
4603,Anna Sui
4604,Anne Hathaway
4605,Adrien Brody
4606,Anna Sui
4607,Ben Johnson
4608,bella thorne
4609,Amy Schumer
4610,Ben Johnson
4611,Betty White
4612,Anna Sui
4613,Ben Johnson
4614,Benedict Cumberbatch
4615,Alexander Skarsgard
4616,Ben Johnson
4617,Ali Larter
4618,Ben Johnson
4619,Betty White
4620,Anna Sui
4621,Amy Ryan
4622,Ali Larter
4623,Ben Johnson
4624,Audrey Tautou
4625,Andrew Lincoln
4626,Anne Hathaway
4627,Adriana Lima
4628,Angelina Jolie
4629,Ben Johnson
4630,Bill Pullman
4631,Ben Johnson
4632,Anna Sui
4633,Anna Paquin
4634,Anna Sui
4635,Anna Faris
4636,Ben Johnson
4637,Anna Sui
4638,Ben Johnson
4639,Ava Gardner
4640,Ben Johnson
4641,Alan Rickman
4642,Audrey Tautou
4643,Aaron Taylor-Johnson
4644,Anna Sui
4645,Ali Larter
4646,Betty White
4647,Antonio Banderas
4648,Anna Sui
4649,Ashley Greene
4650,Anna Sui
4651,Anna Sui
4652,Aaron Taylor-Johnson
4653,Barabara Palvin
4654,Ben Johnson
4655,Ben Johnson
4656,Bill Murray
4657,Anna Sui
4658,Ben Kingsley
4659,Amy Ryan
4660,Amy Ryan
4661,Andie MacDowell
4662,Adrien Brody
4663,Anna Sui
4664,Anne Baxter
4665,Andy Samberg
4666,Ben Johnson
4667,Ashton Kutcher
4668,Ben Johnson
4669,Alan Rickman
4670,Alexis Thorpe
4671,Ali Larter
4672,Ben Johnson
4673,Adrianne Palicki
4674,Bill Daley
4675,Ben Johnson
4676,Albert Brooks
4677,Amy Adams
4678,Beyonce Knowles
4679,bella thorne
4680,Anthony Hopkins
4681,Andreea Diaconu
4682,Amanda Seyfried
4683,Adriana Lima
4684,Anna Sui
4685,Ben Johnson
4686,Ben Johnson
4687,Bella Hadid
4688,Al Pacino
4689,Anna Sui
4690,Adrianne Palicki
4691,Angelina Jolie
4692,Anna Sui
4693,Anthony Hopkins
4694,Andrew Lincoln
4695,Berenice Bejo
4696,Alan Rickman
4697,Bill Daley
4698,Anna Sui
4699,Ben Johnson
4700,Bill Murray
4701,Ben Johnson
4702,Amanda Crew
4703,Ben Johnson
4704,Audrey Hepburn
4705,Anna Sui
4706,Adriana Lima
4707,Al Pacino
4708,Ben Johnson
4709,Ben Johnson
4710,Anna Kendrick
4711,Abigail Breslin
4712,Ben Johnson
4713,Ben Johnson
4714,AnnaSophia Robb
4715,Analeigh Tipton
4716,Anne Baxter
4717,Andie MacDowell
4718,Ben Johnson
4719,Ben Johnson
4720,Anne Bancroft
4721,Ava Gardner
4722,Bill Rancic
4723,Anthony Hopkins
4724,Berenice Bejo
4725,Analeigh Tipton
4726,Ben Johnson
4727,Ben Johnson
4728,Ben Johnson
4729,Angela Bassett
4730,Benedict Cumberbatch
4731,Berenice Bejo
4732,AnnaSophia Robb
4733,Ben Johnson
4734,Barry Pepper
4735,Ava Gardner
4736,Ben Affleck
4737,Adriana Lima
4738,Alessandra Ambrosio
4739,Ben Johnson
4740,bella thorne
4741,Andy Garcia
4742,Bill Daley
4743,Annette Bening
4744,Amy Adams
4745,Anna Sui
4746,Bernie Mac
4747,Ben Johnson
4748,Andrew Lincoln
4749,Andrew Lincoln
4750,Anna Sui
4751,Ben Johnson
4752,Ben Johnson
4753,Anna Kendrick
4754,Alx James
4755,Ben Johnson
4756,Bill Paxton
4757,Beyonce Knowles
4758,Anne Baxter
4759,Adriana Lima
4760,Alex Pettyfer
4761,Barbra Streisand
4762,Bill Daley
4763,Andreea Diaconu
4764,Abigail Breslin
4765,Adele
4766,Ben Stiller
4767,Angelina Jolie
4768,Anna Sui
4769,Ben Johnson
4770,Amy Adams
4771,Ben Affleck
4772,Ben Johnson
4773,Anna Paquin
4774,Adrianne Palicki
4775,Anna Sui
4776,Anna Sui
4777,Ben Foster
4778,Ben Johnson
4779,Audrey Hepburn
4780,Amy Adams
4781,Ava Gardner
4782,Adriana Barraza
4783,Anna Sui
4784,Ben Foster
4785,Ali Larter
4786,Alicia Vikander
4787,Amy Ryan
4788,Alan Rickman
4789,Amber Heard
4790,Alexander Skarsgard
4791,Ashley Graham
4792,Alicia Vikander
4793,Barry Pepper
4794,Ben Johnson
4795,Ben Johnson
4796,Benedict Cumberbatch
4797,Ben Johnson
4798,Amy Ryan
4799,Ben Johnson
4800,Andie MacDowell
4801,Al Roker
4802,Ben Foster
4803,Ben Johnson
4804,Anna Sui
4805,Anjelica Huston
4806,Ashley Greene
4807,Al Pacino
4808,Anna Sui
4809,Audrey Tautou
4810,Ben Foster
4811,Anna Faris
4812,Bill Hader
4813,Anne Baxter
4814,Beyonce Knowles
4815,Angela Bassett
4816,Ashley Graham
4817,Ben Johnson
4818,Andy Samberg
4819,Bella Hadid
4820,Amy Ryan
4821,Anna Friel
4822,Alice Eve
4823,Ben Johnson
4824,Ashton Kutcher
4825,Anna Sui
4826,Anna Sui
4827,Ben Stiller
4828,Ben Johnson
4829,Ben Johnson
4830,Albert Finney
4831,Adam Sandler
4832,Alexandra Daddario
4833,bella thorne
4834,Anna Kendrick
4835,Ashley Judd
4836,Akemi Darenogare
4837,Ben Johnson
4838,Adrien Brody
4839,Anna Friel
4840,Aaron Paul
4841,Anne Baxter
4842,Bill Pullman
4843,Ben Johnson
4844,Ben Johnson
4845,Bernie Mac
4846,Anna Friel
4847,Anna Sui
4848,Ben Johnson
4849,Akemi Darenogare
4850,Ben Johnson
4851,Armin Mueller-Stahl
4852,Ben Johnson
4853,Alan Rickman
4854,Barbra Streisand
4855,Anna Sui
4856,Alexandra Daddario
4857,Ben Johnson
4858,Bill Hader
4859,Amber Heard
4860,Alexander Skarsgard
4861,Ben Johnson
4862,Anna Sui
4863,Barbra Streisand
4864,Amy Ryan
4865,Bill Paxton
4866,Anna Paquin
4867,Andie MacDowell
4868,Ben Johnson
4869,Anne Baxter
4870,Ali Larter
4871,Arnold Schwarzenegger
4872,Anna Sui
4873,Alicia Vikander
4874,Anna Sui
4875,Alicia Vikander
4876,Anna Sui
4877,Adriana Lima
4878,Ben Johnson
4879,Ben Johnson
4880,Ben Johnson
4881,Andrew Luck
4882,Amanda Peet
4883,Alexander Skarsgard
4884,Amy Adams
4885,Andrew Lincoln
4886,Benedict Cumberbatch
4887,Alexis Thorpe
4888,Anna Sui
4889,Alessandra Ambrosio
4890,Anna Sui
4891,Ben Johnson
4892,Antonio Banderas
4893,Andy Garcia
4894,Anna Paquin
4895,Ben Johnson
4896,Amanda Bynes
4897,Ben Johnson
4898,Adriana Barraza
4899,Anthony Mackie
4900,Aaron Paul
4901,Ben Johnson
4902,Beyonce Knowles
4903,Ben Foster
4904,Bill O Reilly
4905,Ben Johnson
4906,Bill Rancic
4907,Al Pacino
4908,Ben Johnson
4909,Ben Johnson
4910,Amy Ryan
4911,Andrew Luck
4912,Ben Foster
4913,Ashley Greene
4914,Ben Johnson
4915,Ben Johnson
4916,Amy Schumer
4917,Amanda Crew
4918,Ben Johnson
4919,Anjelica Huston
4920,Ali Larter
4921,Amy Ryan
4922,Bella Hadid
4923,Anna Kendrick
4924,Bill O Reilly
4925,Ava Gardner
4926,Ben Johnson
4927,Audrey Hepburn
4928,Bill O Reilly
4929,Anna Sui
4930,Ben Johnson
4931,Anna Sui
4932,Ben Affleck
4933,Amy Adams
4934,Ben Stiller
4935,Ben Johnson
4936,Bill O Reilly
4937,Ben Johnson
4938,Angelina Jolie
4939,Ben Foster
4940,Ali Larter
4941,Ashton Kutcher
4942,Ben Johnson
4943,Ashley Graham
4944,Al Pacino
4945,Ashley Judd
4946,Angela Bassett
4947,Ben Johnson
4948,Ben Johnson
4949,Amy Schumer
4950,Ben Johnson
4951,Ben Johnson
4952,Anna Faris
4953,Ben Johnson
4954,Anjelica Huston
4955,Albert Finney
4956,Anna Paquin
4957,Alexander Skarsgard
4958,Bill Murray
4959,Amanda Bynes
4960,Anjelica Huston
4961,Ben Johnson
4962,Ben Johnson
4963,Ben Johnson
4964,Anne Bancroft
4965,Ben Johnson
4966,Andrew Lincoln
4967,Ava Gardner
4968,Anna Sui
4969,Anna Sui
4970,Ben Johnson
4971,Ben Foster
4972,Anna Sui
4973,Amy Ryan
4974,Albert Finney
4975,Amanda Crew
4976,Amanda Seyfried
